phase_sq,hip_flexion_deg,trunk_flexion_deg,knee_flexion_deg,left_overlap,left_penetration_m,left_surface_gap_m,right_overlap,right_penetration_m,right_surface_gap_m,contact_within_offset
0.000,0.00,0.00,0.00,0,0.00000,0.06982,0,0.00000,0.07174,0
0.005,0.53,0.18,0.57,0,0.00000,0.06981,0,0.00000,0.07172,0
0.010,1.07,0.36,1.14,0,0.00000,0.06978,0,0.00000,0.07169,0
0.015,1.61,0.55,1.72,0,0.00000,0.06975,0,0.00000,0.07165,0
0.020,2.15,0.74,2.30,0,0.00000,0.06969,0,0.00000,0.07160,0
0.025,2.70,0.94,2.90,0,0.00000,0.06962,0,0.00000,0.07152,0
0.030,3.26,1.14,3.49,0,0.00000,0.06954,0,0.00000,0.07143,0
0.035,3.81,1.34,4.10,0,0.00000,0.06943,0,0.00000,0.07133,0
0.040,4.38,1.55,4.70,0,0.00000,0.06931,0,0.00000,0.07121,0
0.045,4.94,1.76,5.32,0,0.00000,0.06918,0,0.00000,0.07107,0
0.050,5.51,1.97,5.93,0,0.00000,0.06902,0,0.00000,0.07091,0
0.055,6.09,2.19,6.56,0,0.00000,0.06885,0,0.00000,0.07074,0
0.060,6.67,2.41,7.18,0,0.00000,0.06866,0,0.00000,0.07054,0
0.065,7.25,2.63,7.81,0,0.00000,0.06845,0,0.00000,0.07033,0
0.070,7.83,2.85,8.45,0,0.00000,0.06822,0,0.00000,0.07009,0
0.075,8.42,3.08,9.09,0,0.00000,0.06797,0,0.00000,0.06984,0
0.080,9.01,3.30,9.73,0,0.00000,0.06770,0,0.00000,0.06957,0
0.085,9.61,3.53,10.37,0,0.00000,0.06741,0,0.00000,0.06928,0
0.090,10.20,3.75,11.02,0,0.00000,0.06710,0,0.00000,0.06897,0
0.095,10.80,3.98,11.67,0,0.00000,0.06678,0,0.00000,0.06864,0
0.100,11.40,4.21,12.32,0,0.00000,0.06643,0,0.00000,0.06829,0
0.105,12.01,4.44,12.98,0,0.00000,0.06606,0,0.00000,0.06791,0
0.110,12.62,4.67,13.64,0,0.00000,0.06567,0,0.00000,0.06752,0
0.115,13.23,4.90,14.30,0,0.00000,0.06526,0,0.00000,0.06711,0
0.120,13.84,5.12,14.96,0,0.00000,0.06484,0,0.00000,0.06668,0
0.125,14.45,5.35,15.62,0,0.00000,0.06439,0,0.00000,0.06623,0
0.130,15.06,5.58,16.28,0,0.00000,0.06392,0,0.00000,0.06577,0
0.135,15.68,5.80,16.95,0,0.00000,0.06344,0,0.00000,0.06528,0
0.140,16.30,6.02,17.61,0,0.00000,0.06294,0,0.00000,0.06477,0
0.145,16.92,6.24,18.28,0,0.00000,0.06242,0,0.00000,0.06425,0
0.150,17.54,6.46,18.95,0,0.00000,0.06188,0,0.00000,0.06371,0
0.155,18.16,6.68,19.61,0,0.00000,0.06132,0,0.00000,0.06315,0
0.160,18.78,6.89,20.28,0,0.00000,0.06075,0,0.00000,0.06257,0
0.165,19.41,7.10,20.95,0,0.00000,0.06016,0,0.00000,0.06198,0
0.170,20.03,7.31,21.61,0,0.00000,0.05956,0,0.00000,0.06138,0
0.175,20.66,7.51,22.28,0,0.00000,0.05894,0,0.00000,0.06075,0
0.180,21.28,7.71,22.94,0,0.00000,0.05831,0,0.00000,0.06012,0
0.185,21.91,7.91,23.60,0,0.00000,0.05766,0,0.00000,0.05947,0
0.190,22.53,8.10,24.26,0,0.00000,0.05700,0,0.00000,0.05881,0
0.195,23.16,8.29,24.92,0,0.00000,0.05633,0,0.00000,0.05813,0
0.200,23.78,8.47,25.58,0,0.00000,0.05564,0,0.00000,0.05744,0
0.205,24.41,8.65,26.23,0,0.00000,0.05495,0,0.00000,0.05675,0
0.210,25.03,8.83,26.89,0,0.00000,0.05424,0,0.00000,0.05604,0
0.215,25.66,8.99,27.54,0,0.00000,0.05353,0,0.00000,0.05532,0
0.220,26.28,9.16,28.19,0,0.00000,0.05281,0,0.00000,0.05460,0
0.225,26.90,9.31,28.83,0,0.00000,0.05208,0,0.00000,0.05387,0
0.230,27.52,9.46,29.47,0,0.00000,0.05134,0,0.00000,0.05313,0
0.235,28.15,9.61,30.11,0,0.00000,0.05060,0,0.00000,0.05238,0
0.240,28.76,9.75,30.74,0,0.00000,0.04985,0,0.00000,0.05164,0
0.245,29.38,9.88,31.37,0,0.00000,0.04910,0,0.00000,0.05088,0
0.250,30.00,10.00,32.00,0,0.00000,0.04835,0,0.00000,0.05013,0
0.255,30.62,10.12,32.63,0,0.00000,0.04758,0,0.00000,0.04936,0
0.260,31.27,10.24,33.28,0,0.00000,0.04678,0,0.00000,0.04856,0
0.265,31.93,10.35,33.94,0,0.00000,0.04596,0,0.00000,0.04774,0
0.270,32.60,10.47,34.62,0,0.00000,0.04511,0,0.00000,0.04688,0
0.275,33.29,10.58,35.31,0,0.00000,0.04423,0,0.00000,0.04600,0
0.280,34.00,10.69,36.02,0,0.00000,0.04333,0,0.00000,0.04510,0
0.285,34.72,10.80,36.73,0,0.00000,0.04240,0,0.00000,0.04416,0
0.290,35.45,10.91,37.46,0,0.00000,0.04144,0,0.00000,0.04320,0
0.295,36.20,11.02,38.20,0,0.00000,0.04046,0,0.00000,0.04222,0
0.300,36.96,11.13,38.96,0,0.00000,0.03945,0,0.00000,0.04121,0
0.305,37.73,11.23,39.72,0,0.00000,0.03841,0,0.00000,0.04017,0
0.310,38.51,11.33,40.49,0,0.00000,0.03736,0,0.00000,0.03911,0
0.315,39.31,11.44,41.28,0,0.00000,0.03627,0,0.00000,0.03803,0
0.320,40.11,11.54,42.07,0,0.00000,0.03517,0,0.00000,0.03692,0
0.325,40.92,11.64,42.87,0,0.00000,0.03404,0,0.00000,0.03579,0
0.330,41.74,11.73,43.67,0,0.00000,0.03290,0,0.00000,0.03464,0
0.335,42.57,11.83,44.49,0,0.00000,0.03173,0,0.00000,0.03347,0
0.340,43.41,11.93,45.31,0,0.00000,0.03054,0,0.00000,0.03228,0
0.345,44.25,12.02,46.13,0,0.00000,0.02933,0,0.00000,0.03107,0
0.350,45.10,12.11,46.97,0,0.00000,0.02810,0,0.00000,0.02984,0
0.355,45.96,12.20,47.80,0,0.00000,0.02686,0,0.00000,0.02860,0
0.360,46.82,12.29,48.64,0,0.00000,0.02560,0,0.00000,0.02734,0
0.365,47.68,12.38,49.49,0,0.00000,0.02432,0,0.00000,0.02606,0
0.370,48.55,12.47,50.33,0,0.00000,0.02304,0,0.00000,0.02477,0
0.375,49.42,12.56,51.18,0,0.00000,0.02173,0,0.00000,0.02347,0
0.380,50.30,12.64,52.04,0,0.00000,0.02042,0,0.00000,0.02215,0
0.385,51.17,12.73,52.89,0,0.00000,0.01910,0,0.00000,0.02083,1
0.390,52.05,12.81,53.74,0,0.00000,0.01776,0,0.00000,0.01949,1
0.395,52.93,12.90,54.60,0,0.00000,0.01642,0,0.00000,0.01815,1
0.400,53.80,12.98,55.45,0,0.00000,0.01507,0,0.00000,0.01680,1
0.405,54.68,13.06,56.30,0,0.00000,0.01372,0,0.00000,0.01544,1
0.410,55.56,13.14,57.15,0,0.00000,0.01236,0,0.00000,0.01409,1
0.415,56.43,13.21,58.00,0,0.00000,0.01100,0,0.00000,0.01272,1
0.420,57.30,13.29,58.85,0,0.00000,0.00963,0,0.00000,0.01136,1
0.425,58.17,13.37,59.69,0,0.00000,0.00827,0,0.00000,0.00999,1
0.430,59.03,13.44,60.53,0,0.00000,0.00691,0,0.00000,0.00863,1
0.435,59.89,13.52,61.36,0,0.00000,0.00555,0,0.00000,0.00727,1
0.440,60.75,13.59,62.19,0,0.00000,0.00420,0,0.00000,0.00592,1
0.445,61.60,13.66,63.02,0,0.00000,0.00286,0,0.00000,0.00458,1
0.450,62.44,13.74,63.83,0,0.00000,0.00152,0,0.00000,0.00324,1
0.455,63.27,13.81,64.64,0,0.00000,0.00019,0,0.00000,0.00191,1
0.460,64.10,13.88,65.45,1,0.00113,0.00000,0,0.00000,0.00059,1
0.465,64.92,13.94,66.24,1,0.00243,0.00000,1,0.00071,0.00000,1
0.470,65.73,14.01,67.03,1,0.00373,0.00000,1,0.00201,0.00000,1
0.475,66.53,14.08,67.81,1,0.00501,0.00000,1,0.00329,0.00000,1
0.480,67.33,14.15,68.58,1,0.00628,0.00000,1,0.00456,0.00000,1
0.485,68.11,14.21,69.33,1,0.00753,0.00000,1,0.00581,0.00000,1
0.490,68.88,14.28,70.08,1,0.00877,0.00000,1,0.00705,0.00000,1
0.495,69.63,14.34,70.82,1,0.00998,0.00000,1,0.00827,0.00000,1
0.500,70.38,14.40,71.54,1,0.01118,0.00000,1,0.00947,0.00000,1
0.505,71.11,14.47,72.25,1,0.01236,0.00000,1,0.01065,0.00000,1
0.510,71.83,14.53,72.95,1,0.01352,0.00000,1,0.01181,0.00000,1
0.515,72.53,14.59,73.64,1,0.01466,0.00000,1,0.01294,0.00000,1
0.520,73.22,14.65,74.31,1,0.01577,0.00000,1,0.01406,0.00000,1
0.525,73.89,14.71,74.96,1,0.01686,0.00000,1,0.01515,0.00000,1
0.530,74.55,14.77,75.60,1,0.01793,0.00000,1,0.01621,0.00000,1
0.535,75.19,14.83,76.23,1,0.01897,0.00000,1,0.01725,0.00000,1
0.540,75.81,14.89,76.84,1,0.01998,0.00000,1,0.01827,0.00000,1
0.545,76.42,14.94,77.43,1,0.02097,0.00000,1,0.01926,0.00000,1
0.550,77.00,15.00,78.00,1,0.02194,0.00000,1,0.02023,0.00000,1
0.555,77.53,15.05,78.52,1,0.02282,0.00000,1,0.02112,0.00000,1
0.560,77.98,15.09,78.96,1,0.02356,0.00000,1,0.02186,0.00000,1
0.565,78.35,15.11,79.32,1,0.02418,0.00000,1,0.02248,0.00000,1
0.570,78.66,15.13,79.62,1,0.02468,0.00000,1,0.02298,0.00000,1
0.575,78.91,15.13,79.87,1,0.02508,0.00000,1,0.02338,0.00000,1
0.580,79.12,15.13,80.06,1,0.02539,0.00000,1,0.02369,0.00000,1
0.585,79.28,15.12,80.22,1,0.02564,0.00000,1,0.02394,0.00000,1
0.590,79.41,15.11,80.35,1,0.02583,0.00000,1,0.02413,0.00000,1
0.595,79.52,15.09,80.46,1,0.02598,0.00000,1,0.02428,0.00000,1
0.600,79.62,15.07,80.56,1,0.02611,0.00000,1,0.02441,0.00000,1
0.605,79.72,15.05,80.66,1,0.02623,0.00000,1,0.02453,0.00000,1
0.610,79.82,15.03,80.76,1,0.02636,0.00000,1,0.02466,0.00000,1
0.615,79.93,15.01,80.88,1,0.02651,0.00000,1,0.02482,0.00000,1
0.620,80.06,15.00,81.02,1,0.02671,0.00000,1,0.02501,0.00000,1
0.625,80.23,14.99,81.19,1,0.02696,0.00000,1,0.02526,0.00000,1
0.630,80.44,14.99,81.41,1,0.02728,0.00000,1,0.02558,0.00000,1
0.635,80.69,14.99,81.67,1,0.02769,0.00000,1,0.02599,0.00000,1
0.640,81.00,15.00,82.00,1,0.02820,0.00000,1,0.02651,0.00000,1
0.645,81.35,15.02,82.37,1,0.02879,0.00000,1,0.02710,0.00000,1
0.650,81.72,15.04,82.76,1,0.02941,0.00000,1,0.02773,0.00000,1
0.655,82.11,15.06,83.17,1,0.03007,0.00000,1,0.02839,0.00000,1
0.660,82.52,15.08,83.60,1,0.03077,0.00000,1,0.02909,0.00000,1
0.665,82.94,15.11,84.04,1,0.03149,0.00000,1,0.02981,0.00000,1
0.670,83.38,15.13,84.50,1,0.03224,0.00000,1,0.03057,0.00000,1
0.675,83.83,15.16,84.98,1,0.03302,0.00000,1,0.03135,0.00000,1
0.680,84.29,15.19,85.47,1,0.03383,0.00000,1,0.03216,0.00000,1
0.685,84.77,15.22,85.97,1,0.03466,0.00000,1,0.03300,0.00000,1
0.690,85.26,15.25,86.48,1,0.03551,0.00000,1,0.03386,0.00000,1
0.695,85.75,15.28,87.00,1,0.03639,0.00000,1,0.03473,0.00000,1
0.700,86.25,15.31,87.54,1,0.03728,0.00000,1,0.03563,0.00000,1
0.705,86.77,15.35,88.08,1,0.03819,0.00000,1,0.03654,0.00000,1
0.710,87.28,15.38,88.62,1,0.03911,0.00000,1,0.03747,0.00000,1
0.715,87.80,15.41,89.17,1,0.04005,0.00000,1,0.03841,0.00000,1
0.720,88.33,15.45,89.73,1,0.04099,0.00000,1,0.03936,0.00000,1
0.725,88.86,15.48,90.29,1,0.04195,0.00000,1,0.04033,0.00000,1
0.730,89.39,15.52,90.85,1,0.04291,0.00000,1,0.04129,0.00000,1
0.735,89.92,15.55,91.42,1,0.04388,0.00000,1,0.04227,0.00000,1
0.740,90.45,15.59,91.98,1,0.04485,0.00000,1,0.04324,0.00000,1
0.745,90.98,15.62,92.54,1,0.04582,0.00000,1,0.04422,0.00000,1
0.750,91.51,15.65,93.10,1,0.04678,0.00000,1,0.04519,0.00000,1
0.755,92.03,15.69,93.65,1,0.04775,0.00000,1,0.04616,0.00000,1
0.760,92.55,15.72,94.20,1,0.04870,0.00000,1,0.04712,0.00000,1
0.765,93.06,15.75,94.75,1,0.04965,0.00000,1,0.04807,0.00000,1
0.770,93.57,15.78,95.28,1,0.05059,0.00000,1,0.04902,0.00000,1
0.775,94.06,15.81,95.81,1,0.05151,0.00000,1,0.04995,0.00000,1
0.780,94.55,15.84,96.33,1,0.05242,0.00000,1,0.05086,0.00000,1
0.785,95.03,15.86,96.84,1,0.05331,0.00000,1,0.05176,0.00000,1
0.790,95.50,15.89,97.34,1,0.05418,0.00000,1,0.05263,0.00000,1
0.795,95.95,15.91,97.82,1,0.05503,0.00000,1,0.05349,0.00000,1
0.800,96.39,15.93,98.29,1,0.05585,0.00000,1,0.05432,0.00000,1
0.805,96.82,15.95,98.74,1,0.05664,0.00000,1,0.05512,0.00000,1
0.810,97.23,15.97,99.18,1,0.05741,0.00000,1,0.05589,0.00000,1
0.815,97.62,15.99,99.60,1,0.05815,0.00000,1,0.05663,0.00000,1
0.820,98.00,16.00,100.00,1,0.05885,0.00000,1,0.05734,0.00000,1
0.825,98.37,16.01,100.39,1,0.05953,0.00000,1,0.05803,0.00000,1
0.830,98.74,16.02,100.79,1,0.06022,0.00000,1,0.05873,0.00000,1
0.835,99.11,16.03,101.18,1,0.06091,0.00000,1,0.05942,0.00000,1
0.840,99.48,16.04,101.58,1,0.06160,0.00000,1,0.06012,0.00000,1
0.845,99.85,16.05,101.98,1,0.06230,0.00000,1,0.06082,0.00000,1
0.850,100.23,16.05,102.38,1,0.06300,0.00000,1,0.06152,0.00000,1
0.855,100.60,16.06,102.78,1,0.06369,0.00000,1,0.06223,0.00000,1
0.860,100.98,16.06,103.19,1,0.06439,0.00000,1,0.06293,0.00000,1
0.865,101.35,16.06,103.59,1,0.06509,0.00000,1,0.06364,0.00000,1
0.870,101.73,16.06,103.99,1,0.06579,0.00000,1,0.06434,0.00000,1
0.875,102.10,16.06,104.40,1,0.06649,0.00000,1,0.06505,0.00000,1
0.880,102.48,16.07,104.80,1,0.06719,0.00000,1,0.06575,0.00000,1
0.885,102.85,16.06,105.21,1,0.06789,0.00000,1,0.06646,0.00000,1
0.890,103.23,16.06,105.61,1,0.06859,0.00000,1,0.06717,0.00000,1
0.895,103.60,16.06,106.01,1,0.06929,0.00000,1,0.06787,0.00000,1
0.900,103.98,16.06,106.42,1,0.06999,0.00000,1,0.06857,0.00000,1
0.905,104.35,16.06,106.82,1,0.07068,0.00000,1,0.06928,0.00000,1
0.910,104.72,16.06,107.22,1,0.07138,0.00000,1,0.06998,0.00000,1
0.915,105.09,16.05,107.62,1,0.07207,0.00000,1,0.07068,0.00000,1
0.920,105.46,16.05,108.02,1,0.07276,0.00000,1,0.07137,0.00000,1
0.925,105.82,16.04,108.41,1,0.07345,0.00000,1,0.07207,0.00000,1
0.930,106.19,16.04,108.81,1,0.07413,0.00000,1,0.07276,0.00000,1
0.935,106.55,16.04,109.20,1,0.07481,0.00000,1,0.07344,0.00000,1
0.940,106.91,16.03,109.59,1,0.07549,0.00000,1,0.07413,0.00000,1
0.945,107.27,16.03,109.98,1,0.07616,0.00000,1,0.07481,0.00000,1
0.950,107.63,16.02,110.36,1,0.07683,0.00000,1,0.07548,0.00000,1
0.955,107.98,16.02,110.74,1,0.07750,0.00000,1,0.07616,0.00000,1
0.960,108.33,16.02,111.12,1,0.07816,0.00000,1,0.07682,0.00000,1
0.965,108.68,16.01,111.49,1,0.07881,0.00000,1,0.07748,0.00000,1
0.970,109.02,16.01,111.86,1,0.07946,0.00000,1,0.07814,0.00000,1
0.975,109.36,16.01,112.23,1,0.08010,0.00000,1,0.07879,0.00000,1
0.980,109.69,16.00,112.59,1,0.08074,0.00000,1,0.07943,0.00000,1
0.985,110.03,16.00,112.95,1,0.08137,0.00000,1,0.08007,0.00000,1
0.990,110.36,16.00,113.31,1,0.08199,0.00000,1,0.08070,0.00000,1
0.995,110.68,16.00,113.66,1,0.08261,0.00000,1,0.08132,0.00000,1
1.000,111.00,16.00,114.00,1,0.08322,0.00000,1,0.08194,0.00000,1
