load_kg,guard_enabled,tick,sq,com_ap,com_speed,support_min,support_max,guard_scale,limit_prox,raw_ankle_deg,final_ankle_deg,ankle_prox,hip_prox,pelvis_y,trunk_incl_deg,contacts
0,1,0,0.0030,-0.0294,0.0037,-0.1547,0.1353,1.0000,0.0510,2.850,6.712,0.012,0.002,0.9793,2.23,8
0,1,10,0.0330,-0.0292,0.0060,-0.1547,0.1353,0.8953,0.1849,5.603,5.636,0.002,0.017,0.9797,2.26,8
0,1,20,0.0630,-0.0289,0.0047,-0.1547,0.1353,0.3889,0.0449,16.428,6.388,0.018,0.007,0.9789,2.96,8
0,1,30,0.0930,-0.0287,0.0026,-0.1547,0.1353,0.6757,0.0327,6.342,5.084,0.042,0.030,0.9774,4.32,8
0,1,40,0.1230,-0.0288,0.0016,-0.1547,0.1353,0.9928,0.0564,2.792,5.024,0.069,0.058,0.9746,6.21,8
0,1,50,0.1530,-0.0290,0.0028,-0.1547,0.1353,1.0000,0.0873,2.280,4.899,0.098,0.089,0.9704,8.36,8
0,1,60,0.1830,-0.0292,0.0040,-0.1547,0.1353,1.0000,0.1198,2.154,4.899,0.127,0.122,0.9647,10.63,8
0,1,70,0.2130,-0.0293,0.0054,-0.1547,0.1353,1.0000,0.1531,2.073,4.899,0.157,0.155,0.9574,12.92,8
0,1,80,0.2430,-0.0294,0.0067,-0.1547,0.1353,1.0000,0.1869,1.466,4.899,0.188,0.188,0.9486,15.20,8
0,1,90,0.2730,-0.0295,0.0077,-0.1547,0.1353,0.9208,0.2202,3.517,4.735,0.217,0.221,0.9388,17.40,8
0,1,100,0.3030,-0.0293,0.0085,-0.1547,0.1353,0.6106,0.2528,7.425,4.830,0.245,0.253,0.9280,19.48,8
0,1,110,0.3330,-0.0290,0.0086,-0.1547,0.1353,0.5320,0.2879,5.923,4.376,0.276,0.289,0.9151,21.56,8
0,1,120,0.3630,-0.0288,0.0072,-0.1547,0.1353,0.6605,0.3264,8.615,5.691,0.310,0.327,0.8996,23.75,8
0,1,130,0.3930,-0.0287,0.0060,-0.1547,0.1353,0.9353,0.3684,5.375,5.028,0.346,0.369,0.8811,26.05,8
0,1,140,0.4230,-0.0288,0.0051,-0.1547,0.1353,1.0000,0.4127,1.449,2.816,0.382,0.414,0.8598,28.40,8
0,1,150,0.4530,-0.0290,0.0040,-0.1547,0.1353,1.0000,0.4585,2.712,2.712,0.419,0.460,0.8359,30.76,8
0,1,160,0.4830,-0.0292,0.0026,-0.1547,0.1353,1.0000,0.5046,9.417,4.670,0.454,0.506,0.8100,33.06,8
0,1,170,0.5130,-0.0293,0.0012,-0.1547,0.1353,1.0000,0.5499,9.178,4.501,0.488,0.551,0.7830,35.26,8
0,1,180,0.5430,-0.0294,0.0006,-0.1547,0.1353,0.6819,0.5933,5.910,4.030,0.518,0.594,0.7557,37.30,8
0,1,190,0.5730,-0.0294,0.0017,-0.1547,0.1353,0.6442,0.6349,7.008,4.092,0.546,0.636,0.7280,39.17,8
0,1,200,0.6030,-0.0293,0.0027,-0.1547,0.1353,0.1720,0.6717,15.937,2.742,0.570,0.671,0.7021,40.80,8
0,1,210,0.6330,-0.0282,0.0236,-0.1547,0.1353,0.1447,0.6930,52.079,4.354,0.584,0.690,0.6878,42.04,8
0,1,220,0.6630,-0.0258,0.0126,-0.1547,0.1353,0.4915,0.7025,15.389,5.995,0.587,0.700,0.6850,42.88,8
0,1,230,0.6930,-0.0247,0.0091,-0.1547,0.1353,0.4578,0.7127,11.795,5.400,0.594,0.710,0.6792,43.15,8
0,1,240,0.7230,-0.0242,0.0029,-0.1547,0.1353,0.4058,0.7282,8.908,3.615,0.609,0.727,0.6656,43.19,8
0,1,250,0.7530,-0.0245,0.0059,-0.1547,0.1353,0.3345,0.7496,11.511,3.851,0.627,0.749,0.6459,43.41,8
0,1,260,0.7830,-0.0250,0.0074,-0.1547,0.1353,0.2491,0.7753,13.466,3.354,0.645,0.775,0.6225,43.88,8
0,1,270,0.8130,-0.0254,0.0046,-0.1547,0.1353,0.1575,0.8028,17.119,2.696,0.661,0.802,0.5978,44.50,8
0,1,280,0.8430,-0.0252,0.0072,-0.1547,0.1353,0.0699,0.8290,27.617,1.930,0.675,0.828,0.5743,45.16,8
0,1,290,0.8730,-0.0236,0.0262,-0.1547,0.1353,0.0000,0.8512,60.030,0.000,0.690,0.850,0.5549,45.82,8
0,1,300,0.9030,-0.0192,0.0585,-0.1547,0.1353,0.0000,0.8708,92.335,0.000,0.709,0.869,0.5385,46.51,8
0,1,310,0.9330,-0.0119,0.0844,-0.1547,0.1353,0.0000,0.8895,121.067,0.000,0.734,0.888,0.5238,47.42,8
0,1,320,0.9630,-0.0022,0.1077,-0.1547,0.1353,0.0000,0.9083,142.068,0.000,0.765,0.906,0.5096,48.68,8
0,1,330,0.9930,0.0098,0.1312,-0.1547,0.1353,0.0000,0.9274,129.387,0.000,0.801,0.925,0.4959,50.35,8
0,1,340,1.0000,0.0241,0.1529,-0.1547,0.1353,0.0000,0.9497,115.874,0.000,0.845,0.948,0.4802,52.40,8
0,1,350,1.0000,0.0410,0.1850,-0.1547,0.1353,0.0000,0.9652,105.291,0.000,0.895,0.962,0.4706,55.08,8
0,1,360,1.0000,0.0619,0.2343,-0.1547,0.1353,0.0000,0.9709,79.316,0.000,0.953,0.967,0.4723,58.19,8
0,1,370,0.9790,0.0872,0.2587,-0.1547,0.1353,0.0000,0.9736,15.570,0.000,1.000,0.970,0.4763,61.16,8
0,1,380,0.9490,0.1103,0.1965,-0.1546,0.1354,0.0000,0.9713,-33.589,0.000,1.000,0.968,0.4896,63.67,8
0,1,390,0.9190,0.1268,0.1565,-0.1546,0.1353,0.0000,0.9638,-33.545,0.000,1.000,0.962,0.5110,66.91,8
0,0,0,0.0030,-0.0288,0.0036,-0.1547,0.1353,1.0000,0.0501,5.250,5.492,0.012,0.002,0.9792,2.31,8
0,0,10,0.0330,-0.0287,0.0052,-0.1547,0.1353,1.0000,0.1884,4.083,7.195,0.002,0.017,0.9796,2.32,8
0,0,20,0.0630,-0.0286,0.0039,-0.1547,0.1353,1.0000,0.0444,10.614,7.579,0.017,0.007,0.9790,3.02,8
0,0,30,0.0930,-0.0289,0.0044,-0.1547,0.1353,1.0000,0.0315,7.258,7.167,0.041,0.030,0.9774,4.38,8
0,0,40,0.1230,-0.0292,0.0027,-0.1547,0.1353,1.0000,0.0565,9.045,6.969,0.069,0.058,0.9746,6.19,8
0,0,50,0.1530,-0.0295,0.0028,-0.1547,0.1353,1.0000,0.0872,8.150,6.969,0.098,0.089,0.9704,8.29,8
0,0,60,0.1830,-0.0297,0.0037,-0.1547,0.1353,1.0000,0.1196,8.939,6.969,0.128,0.121,0.9646,10.53,8
0,0,70,0.2130,-0.0297,0.0052,-0.1547,0.1353,1.0000,0.1529,10.310,6.969,0.158,0.154,0.9573,12.83,8
0,0,80,0.2430,-0.0296,0.0067,-0.1547,0.1353,1.0000,0.1867,10.314,7.060,0.188,0.188,0.9485,15.13,8
0,0,90,0.2730,-0.0295,0.0078,-0.1547,0.1353,1.0000,0.2201,9.742,7.589,0.217,0.221,0.9388,17.36,8
0,0,100,0.3030,-0.0293,0.0083,-0.1547,0.1353,1.0000,0.2529,8.196,7.184,0.245,0.253,0.9281,19.48,8
0,0,110,0.3330,-0.0292,0.0079,-0.1547,0.1353,1.0000,0.2880,1.877,4.411,0.276,0.289,0.9152,21.59,8
0,0,120,0.3630,-0.0292,0.0071,-0.1547,0.1353,1.0000,0.3266,4.336,4.336,0.309,0.328,0.8996,23.75,8
0,0,130,0.3930,-0.0292,0.0062,-0.1547,0.1353,1.0000,0.3683,7.725,5.412,0.345,0.369,0.8810,26.01,8
0,0,140,0.4230,-0.0294,0.0051,-0.1547,0.1353,1.0000,0.4127,0.996,2.480,0.382,0.414,0.8596,28.34,8
0,0,150,0.4530,-0.0296,0.0040,-0.1547,0.1353,1.0000,0.4584,-0.696,2.288,0.418,0.460,0.8357,30.68,8
0,0,160,0.4830,-0.0298,0.0024,-0.1547,0.1353,1.0000,0.5045,2.166,2.166,0.454,0.506,0.8099,32.98,8
0,0,170,0.5130,-0.0299,0.0012,-0.1547,0.1353,1.0000,0.5498,0.080,3.015,0.487,0.551,0.7828,35.18,8
0,0,180,0.5430,-0.0300,0.0007,-0.1547,0.1353,1.0000,0.5932,1.496,1.717,0.517,0.594,0.7555,37.22,8
0,0,190,0.5730,-0.0300,0.0020,-0.1547,0.1353,1.0000,0.6348,0.335,1.717,0.545,0.636,0.7278,39.09,8
0,0,200,0.6030,-0.0300,0.0021,-0.1547,0.1353,1.0000,0.6717,-0.383,3.306,0.568,0.671,0.7021,40.74,8
0,0,210,0.6330,-0.0300,0.0017,-0.1547,0.1353,1.0000,0.6935,5.778,5.778,0.578,0.691,0.6880,42.00,8
0,0,220,0.6630,-0.0297,0.0058,-0.1547,0.1353,1.0000,0.7028,9.430,5.238,0.579,0.700,0.6840,42.63,8
0,0,230,0.6930,-0.0290,0.0056,-0.1547,0.1353,1.0000,0.7124,0.358,3.436,0.587,0.710,0.6776,42.66,8
0,0,240,0.7230,-0.0288,0.0028,-0.1547,0.1353,1.0000,0.7276,0.737,1.916,0.602,0.726,0.6640,42.59,8
0,0,250,0.7530,-0.0290,0.0053,-0.1547,0.1353,1.0000,0.7489,7.199,3.114,0.621,0.748,0.6443,42.78,8
0,0,260,0.7830,-0.0295,0.0073,-0.1547,0.1353,1.0000,0.7747,3.798,3.114,0.638,0.774,0.6210,43.27,8
0,0,270,0.8130,-0.0300,0.0062,-0.1547,0.1353,1.0000,0.8023,5.150,3.114,0.652,0.802,0.5963,43.91,8
0,0,280,0.8430,-0.0303,0.0027,-0.1547,0.1353,1.0000,0.8289,6.510,4.807,0.664,0.828,0.5727,44.55,8
0,0,290,0.8730,-0.0304,0.0005,-0.1547,0.1353,1.0000,0.8516,4.309,4.309,0.671,0.850,0.5529,45.09,8
0,0,300,0.9030,-0.0303,0.0031,-0.1547,0.1353,1.0000,0.8718,8.731,4.379,0.678,0.870,0.5354,45.43,8
0,0,310,0.9330,-0.0300,0.0037,-0.1547,0.1353,1.0000,0.8908,6.289,4.379,0.685,0.889,0.5182,45.55,8
0,0,320,0.9630,-0.0298,0.0013,-0.1547,0.1353,1.0000,0.9094,8.571,3.788,0.691,0.908,0.5006,45.54,8
0,0,330,0.9930,-0.0296,0.0026,-0.1547,0.1353,1.0000,0.9278,8.279,5.094,0.696,0.926,0.4829,45.46,8
0,0,340,1.0000,-0.0293,0.0054,-0.1547,0.1353,1.0000,0.9492,2.278,2.577,0.700,0.947,0.4625,45.28,8
0,0,350,1.0000,-0.0293,0.0022,-0.1547,0.1353,1.0000,0.9635,3.275,3.275,0.702,0.960,0.4474,45.19,8
0,0,360,1.0000,-0.0294,0.0009,-0.1547,0.1353,1.0000,0.9694,2.922,3.339,0.701,0.966,0.4431,45.32,8
0,0,370,0.9790,-0.0291,0.0064,-0.1547,0.1353,1.0000,0.9740,2.532,4.042,0.701,0.970,0.4411,45.33,8
0,0,380,0.9490,-0.0290,0.0021,-0.1547,0.1353,1.0000,0.9713,-0.355,3.887,0.702,0.967,0.4432,45.28,8
0,0,390,0.9190,-0.0293,0.0027,-0.1547,0.1353,1.0000,0.9598,0.972,1.907,0.700,0.954,0.4557,45.46,8
25,1,0,0.0030,-0.0474,0.0089,-0.1547,0.1353,0.7959,0.2303,5.899,2.011,0.103,0.056,0.9729,-5.59,8
25,1,10,0.0330,-0.0479,0.0061,-0.1547,0.1353,0.4421,0.2330,-0.882,0.017,0.093,0.072,0.9734,-5.76,8
25,1,20,0.0630,-0.0481,0.0082,-0.1547,0.1353,0.7746,0.2304,0.741,0.574,0.107,0.035,0.9728,-4.98,8
25,1,30,0.0930,-0.0484,0.0088,-0.1547,0.1353,0.5570,0.2136,-2.839,-0.874,0.129,0.011,0.9712,-3.44,8
25,1,40,0.1230,-0.0487,0.0074,-0.1547,0.1353,0.9809,0.1837,-2.868,-0.874,0.154,0.040,0.9683,-1.32,8
25,1,50,0.1530,-0.0489,0.0042,-0.1547,0.1353,1.0000,0.1446,-0.687,-0.232,0.180,0.072,0.9640,1.17,8
25,1,60,0.1830,-0.0489,0.0006,-0.1547,0.1353,1.0000,0.1291,-1.160,-0.232,0.205,0.106,0.9583,3.90,8
25,1,70,0.2130,-0.0488,0.0035,-0.1547,0.1353,1.0000,0.1596,-0.927,0.874,0.229,0.141,0.9509,6.73,8
25,1,80,0.2430,-0.0486,0.0062,-0.1547,0.1353,1.0000,0.1902,8.347,3.549,0.253,0.176,0.9419,9.60,8
25,1,90,0.2730,-0.0483,0.0089,-0.1547,0.1353,1.0000,0.2202,5.131,3.949,0.275,0.211,0.9320,12.39,8
25,1,100,0.3030,-0.0480,0.0102,-0.1547,0.1353,0.7353,0.2486,1.081,1.136,0.295,0.246,0.9209,15.08,8
25,1,110,0.3330,-0.0477,0.0107,-0.1547,0.1353,0.7188,0.2823,1.183,1.136,0.318,0.283,0.9076,17.76,8
25,1,120,0.3630,-0.0474,0.0104,-0.1547,0.1353,0.8874,0.3231,-0.643,1.136,0.344,0.324,0.8913,20.49,8
25,1,130,0.3930,-0.0473,0.0098,-0.1547,0.1353,1.0000,0.3672,-0.830,0.707,0.372,0.368,0.8720,23.28,8
25,1,140,0.4230,-0.0472,0.0094,-0.1547,0.1353,1.0000,0.4137,0.144,0.707,0.401,0.415,0.8496,26.09,8
25,1,150,0.4530,-0.0471,0.0092,-0.1547,0.1353,1.0000,0.4616,0.746,0.746,0.430,0.462,0.8245,28.88,8
25,1,160,0.4830,-0.0470,0.0091,-0.1547,0.1353,1.0000,0.5098,0.877,0.891,0.457,0.510,0.7974,31.62,8
25,1,170,0.5130,-0.0469,0.0091,-0.1547,0.1353,0.4242,0.5573,4.085,1.733,0.482,0.557,0.7689,34.24,8
25,1,180,0.5430,-0.0466,0.0101,-0.1547,0.1353,0.1587,0.6026,12.937,2.053,0.504,0.602,0.7400,36.66,8
25,1,190,0.5730,-0.0456,0.0151,-0.1547,0.1353,0.0784,0.6460,20.061,1.573,0.525,0.645,0.7109,38.86,8
25,1,200,0.6030,-0.0436,0.0317,-0.1547,0.1353,0.0000,0.6841,74.315,0.000,0.547,0.681,0.6834,40.82,8
25,1,210,0.6330,-0.0387,0.0657,-0.1547,0.1353,0.0000,0.7073,125.807,0.000,0.564,0.702,0.6677,42.56,8
25,1,220,0.6630,-0.0298,0.1064,-0.1547,0.1353,0.4486,0.7154,165.364,6.875,0.579,0.709,0.6653,43.83,8
25,1,230,0.6930,-0.0189,0.0923,-0.1547,0.1353,0.4429,0.7171,60.482,15.000,0.595,0.711,0.6665,44.13,8
25,1,240,0.7230,-0.0144,0.0100,-0.1547,0.1353,0.3945,0.7317,23.492,9.267,0.607,0.728,0.6602,44.78,8
25,1,250,0.7530,-0.0155,0.0218,-0.1547,0.1353,0.3006,0.7598,26.145,7.860,0.617,0.757,0.6399,45.82,8
25,1,260,0.7830,-0.0181,0.0258,-0.1547,0.1353,0.0543,0.7910,35.981,1.954,0.626,0.788,0.6125,46.85,8
25,1,270,0.8130,-0.0197,0.0113,-0.1547,0.1353,0.0256,0.8219,52.983,2.760,0.635,0.818,0.5842,47.76,8
25,1,280,0.8430,-0.0193,0.0209,-0.1547,0.1353,0.0015,0.8495,108.635,0.168,0.649,0.845,0.5588,48.57,8
25,1,290,0.8730,-0.0140,0.0805,-0.1547,0.1353,0.0000,0.8716,177.394,0.000,0.672,0.867,0.5392,49.40,8
25,1,300,0.9030,-0.0029,0.1354,-0.1547,0.1353,0.0000,0.8906,168.049,0.000,0.705,0.885,0.5252,50.61,8
25,1,310,0.9330,0.0135,0.1868,-0.1547,0.1353,0.0000,0.9088,150.510,0.000,0.749,0.904,0.5142,52.41,8
25,1,320,0.9630,0.0349,0.2378,-0.1547,0.1353,0.0000,0.9273,129.591,0.000,0.804,0.922,0.5041,54.95,8
25,1,330,0.9930,0.0615,0.2922,-0.1547,0.1353,0.0000,0.9466,105.734,0.000,0.872,0.941,0.4949,58.33,8
25,1,340,1.0000,0.0960,0.3889,-0.1547,0.1353,0.0000,0.9575,65.455,0.000,0.977,0.954,0.4838,60.99,8
25,1,350,1.0000,0.1364,0.4043,-0.1556,0.1354,0.0000,0.9612,-32.955,0.000,1.000,0.957,0.4842,63.88,8
25,1,360,1.0000,0.1766,0.4102,0.1341,0.1350,0.0000,0.9621,0.126,0.000,1.000,0.959,0.5058,68.28,4
25,1,370,0.9790,0.2214,0.4961,0.0293,0.1344,0.0000,0.9631,-33.239,0.000,1.000,0.962,0.5230,73.15,6
25,1,380,0.9490,0.2776,0.6311,0.0659,0.1345,0.0000,0.9604,-29.556,0.000,1.000,0.960,0.5425,79.70,6
25,1,390,0.9190,0.3513,0.8365,0.0871,0.1346,0.0000,0.9547,-18.569,0.000,1.000,0.954,0.5662,89.20,8
25,0,0,0.0030,-0.1045,0.2187,-0.1547,0.1353,1.0000,0.2816,-12.304,-5.833,0.054,0.061,0.9755,-10.71,8
25,0,10,0.0330,-0.1250,0.1996,-0.1547,0.1353,1.0000,0.2520,-2.856,-3.298,0.014,0.077,0.9769,-11.31,8
25,0,20,0.0630,-0.1449,0.2053,-0.1547,0.1353,1.0000,0.2456,-2.043,-3.298,0.006,0.042,0.9759,-11.91,8
25,0,30,0.0930,-0.1665,0.2316,-0.1547,0.1353,1.0000,0.2389,2.741,-1.909,0.009,0.007,0.9727,-12.26,8
25,0,40,0.1230,-0.1917,0.2765,-0.1547,0.1353,1.0000,0.2217,3.752,-1.909,0.009,0.034,0.9669,-12.25,8
25,0,50,0.1530,-0.2225,0.3416,-0.1547,0.1353,1.0000,0.1921,5.851,0.718,0.000,0.066,0.9578,-12.03,8
25,0,60,0.1830,-0.2611,0.4284,-0.1547,0.1353,1.0000,0.1524,7.639,3.636,0.019,0.100,0.9441,-11.87,8
25,0,70,0.2130,-0.3097,0.5423,-0.1547,0.1353,1.0000,0.1782,12.957,6.858,0.052,0.135,0.9238,-12.11,8
25,0,80,0.2430,-0.3717,0.6904,-0.1547,0.1353,1.0000,0.2088,13.525,13.265,0.106,0.173,0.8936,-12.92,8
25,0,90,0.2730,-0.4516,0.9037,-0.1547,0.1353,1.0000,0.2413,33.628,15.000,0.200,0.229,0.8411,-12.09,8
25,0,100,0.3030,-0.5549,1.1458,-0.1556,0.1350,1.0000,0.2834,33.138,15.000,0.295,0.289,0.7643,-10.90,8
25,0,110,0.3330,-0.6823,1.3831,-0.1547,-0.0551,1.0000,0.3319,32.265,15.000,0.317,0.336,0.6602,-13.24,8
25,0,120,0.3630,-0.8313,1.5742,-0.1552,-0.1089,1.0000,0.3759,17.992,15.000,0.291,0.380,0.5105,-20.01,8
25,0,130,0.3930,-0.9938,1.6521,-0.1745,-0.1305,1.0000,0.4104,-5.381,6.803,0.168,0.411,0.3026,-32.62,8
25,0,140,0.4230,-1.1567,1.6849,-0.2419,-0.1740,1.0000,0.4128,12.009,-6.948,0.077,0.400,0.1167,-58.46,8
25,0,150,0.4530,-1.2913,0.9049,-1.2913,-1.2913,1.0000,0.3855,22.212,0.000,0.252,0.376,0.1068,-83.29,0
25,0,160,0.4830,-1.3403,0.2128,-1.3403,-1.3403,1.0000,0.4656,22.212,0.000,0.332,0.467,0.1475,-85.66,0
25,0,170,0.5130,-1.3441,0.0851,-1.3441,-1.3441,1.0000,0.5252,22.212,0.000,0.379,0.526,0.1468,-85.30,0
25,0,180,0.5430,-1.3235,0.3110,-1.3235,-1.3235,1.0000,0.5724,22.212,0.000,0.413,0.575,0.0967,-80.12,0
25,0,190,0.5730,-1.2982,0.1509,-1.2982,-1.2982,1.0000,0.5869,22.212,0.000,0.432,0.589,0.0956,-77.60,0
25,0,200,0.6030,-1.2945,0.0449,-1.2945,-1.2945,1.0000,0.6129,22.212,0.000,0.449,0.616,0.0978,-77.45,0
25,0,210,0.6330,-1.3025,0.0857,-1.3025,-1.3025,1.0000,0.6345,22.212,0.000,0.463,0.636,0.0949,-77.78,0
25,0,220,0.6630,-1.3094,0.0445,-1.3094,-1.3094,1.0000,0.6469,22.212,0.000,0.472,0.648,0.0927,-78.04,0
25,0,230,0.6930,-1.3127,0.0202,-1.3127,-1.3127,1.0000,0.6611,22.212,0.000,0.480,0.663,0.0922,-78.07,0
25,0,240,0.7230,-1.3150,0.0223,-1.3150,-1.3150,1.0000,0.6800,22.212,0.000,0.489,0.682,0.0924,-78.03,0
25,0,250,0.7530,-1.3182,0.0343,-1.3182,-1.3182,1.0000,0.7037,22.212,0.000,0.500,0.706,0.0925,-78.03,0
25,0,260,0.7830,-1.3225,0.0437,-1.3225,-1.3225,1.0000,0.7310,22.212,0.000,0.513,0.734,0.0922,-78.05,0
25,0,270,0.8130,-1.3276,0.0466,-1.3276,-1.3276,1.0000,0.7597,22.212,0.000,0.526,0.763,0.0917,-78.10,0
25,0,280,0.8430,-1.3325,0.0413,-1.3325,-1.3325,1.0000,0.7872,22.212,0.000,0.538,0.790,0.0911,-78.16,0
25,0,290,0.8730,-1.3367,0.0320,-1.3367,-1.3367,1.0000,0.8104,22.212,0.000,0.548,0.813,0.0907,-78.20,0
25,0,300,0.9030,-1.3401,0.0265,-1.3401,-1.3401,1.0000,0.8317,22.212,0.000,0.557,0.834,0.0906,-78.22,0
25,0,310,0.9330,-1.3433,0.0252,-1.3433,-1.3433,1.0000,0.8522,22.212,0.000,0.565,0.854,0.0904,-78.23,0
25,0,320,0.9630,-1.3464,0.0251,-1.3464,-1.3464,1.0000,0.8724,22.212,0.000,0.574,0.874,0.0903,-78.25,0
25,0,330,0.9930,-1.3495,0.0252,-1.3495,-1.3495,1.0000,0.8919,22.212,0.000,0.581,0.894,0.0901,-78.26,0
25,0,340,1.0000,-1.3529,0.0298,-1.3529,-1.3529,1.0000,0.9143,22.212,0.000,0.591,0.915,0.0900,-78.26,0
25,0,350,1.0000,-1.3549,0.0026,-1.3549,-1.3549,1.0000,0.9271,22.212,0.000,0.597,0.927,0.0900,-78.25,0
25,0,360,1.0000,-1.3553,0.0014,-1.3553,-1.3553,1.0000,0.9318,22.212,0.000,0.599,0.931,0.0900,-78.24,0
25,0,370,0.9790,-1.3560,0.0098,-1.3560,-1.3560,1.0000,0.9382,22.212,0.000,0.602,0.938,0.0900,-78.24,0
25,0,380,0.9490,-1.3561,0.0204,-1.3561,-1.3561,1.0000,0.9353,22.212,0.000,0.600,0.933,0.0900,-78.25,0
25,0,390,0.9190,-1.3540,0.0263,-1.3540,-1.3540,1.0000,0.9223,22.212,0.000,0.595,0.920,0.0900,-78.23,0
