load_kg,config,phase,guard_scale,limit_prox,unexpected_consumed,raw_ankle_deg,applied_ankle_deg,raw_authority,guarded_authority,hip_blend,com_ap,cop_desired,cop_measured,support_min,support_max,com_speed,contacts,held,reason
0,G0,0.55,0.6160,0.6097,0.1601,8.479,4.092,0.5653,0.3482,0.0000,-0.02939,-0.02555,-0.03312,-0.15472,0.13528,0.00078,8,1,HELD
0,G0,0.55,0.2778,0.6805,0.2174,34.672,9.632,2.3114,0.6421,0.0000,-0.02743,0.00915,-0.02179,-0.15472,0.13528,0.03151,8,1,HELD
0,G0,0.55,0.5489,0.6853,0.2151,4.434,3.878,0.2956,0.1623,0.0000,-0.02435,-0.00986,-0.01382,-0.15472,0.13528,0.00294,8,1,HELD
0,G0,0.55,0.5560,0.6832,0.2003,10.282,4.388,0.6855,0.3811,0.0000,-0.02522,-0.02065,-0.02982,-0.15472,0.13528,0.00666,8,1,HELD
0,G0,0.55,0.5579,0.6826,0.1970,1.362,2.096,0.0908,0.0506,0.0000,-0.02669,-0.02354,-0.02475,-0.15472,0.13528,0.00554,8,1,HELD
0,G0,0.55,0.5580,0.6826,0.1971,7.762,4.328,0.5175,0.2887,0.0000,-0.02782,-0.02471,-0.03163,-0.15472,0.13528,0.00338,8,1,HELD
0,G0,0.55,0.5582,0.6825,0.1967,1.005,1.995,0.0670,0.0374,0.0000,-0.02854,-0.02534,-0.02624,-0.15472,0.13528,0.00240,8,1,HELD
0,G0,0.55,0.5580,0.6826,0.1965,7.641,4.264,0.5094,0.2843,0.0000,-0.02900,-0.02569,-0.03251,-0.15472,0.13528,0.00148,8,1,HELD
0,G0,0.55,0.5582,0.6826,0.1963,0.882,1.958,0.0588,0.0328,0.0000,-0.02929,-0.02598,-0.02677,-0.15472,0.13528,0.00071,8,1,HELD
0,G0,0.55,0.5581,0.6826,0.1963,7.618,4.241,0.5078,0.2834,0.0000,-0.02947,-0.02606,-0.03285,-0.15472,0.13528,0.00058,8,1,HELD
0,G0,0.55,0.5582,0.6825,0.1963,7.591,4.238,0.5061,0.2825,0.0000,-0.02958,-0.02615,-0.03292,-0.15472,0.13528,0.00046,8,1,HELD
0,G0,0.80,0.1853,0.7944,0.1959,9.377,1.737,0.6252,0.1158,0.0000,-0.02532,-0.01901,-0.02738,-0.15472,0.13528,0.00568,8,1,HELD
0,G0,0.80,0.0143,0.8457,0.2338,78.978,1.132,5.2652,0.0755,0.0000,-0.02210,0.02825,-0.04221,-0.15472,0.13528,0.04742,8,1,HELD
0,G0,0.80,0.0073,0.8478,0.2263,135.691,0.994,9.0460,0.0662,0.0000,-0.00173,0.10528,-0.01577,-0.15472,0.13528,0.10717,8,1,HELD
0,G0,0.80,0.0055,0.8484,0.2292,110.036,0.601,7.3357,0.0401,0.0000,0.03034,0.10528,0.00711,-0.15472,0.13528,0.15363,8,1,HELD
0,G0,0.80,0.0000,0.8505,0.2400,67.986,0.000,4.5324,0.0000,0.0000,0.07912,0.10528,0.04463,-0.15472,0.13528,0.24031,8,1,HELD
0,G0,0.80,0.0000,0.8561,0.2685,-33.589,0.000,2.2393,0.0000,0.0000,0.15168,0.10536,0.13533,-0.15466,0.13536,0.31597,8,1,HELD
0,G0,0.80,0.0000,0.8574,0.2867,0.012,0.000,0.0008,0.0000,0.0000,0.25189,0.13460,0.13459,0.13423,0.13485,0.53239,4,1,HELD
0,G0,0.80,0.0261,0.8422,0.2320,-14.228,-0.371,0.9486,0.0247,0.0000,0.44962,0.12155,0.13424,0.09947,0.13626,1.08397,8,1,HELD
0,G0,0.80,0.1690,0.7993,0.1104,-4.653,-0.786,0.3102,0.0524,0.0000,0.75042,0.12718,0.12449,0.11104,0.13794,0.51444,6,0,COM_PAST_FRONT
0,G0,0.80,0.1942,0.7972,0.0161,-12.835,0.000,0.8556,0.1662,0.0000,0.77147,0.10913,0.10795,0.77147,0.77147,0.08852,0,0,LOST_PLANTAR_CONTACT
0,G0,0.80,0.1662,0.8001,0.0070,-17.457,-2.901,1.1638,0.1934,0.0000,0.77023,0.07952,0.07567,0.05646,0.09489,0.00838,5,0,COM_PAST_FRONT
0,G0,1.00,0.0000,0.9224,0.1870,9.336,0.000,0.6224,0.0000,0.0000,-0.13209,-0.12472,-0.13305,-0.15472,0.13528,0.02464,8,1,HELD
0,G0,1.00,0.0000,0.9530,0.3735,14.794,0.000,0.9863,0.0000,0.0000,-0.13671,-0.12472,-0.13792,-0.15472,0.13528,0.02428,8,1,HELD
0,G0,1.00,0.0000,0.9534,0.3785,20.611,0.000,1.3741,0.0000,0.0000,-0.14167,-0.12472,-0.14311,-0.15472,0.13528,0.01632,8,1,HELD
0,G0,1.00,0.0000,0.9531,0.3745,22.228,0.000,1.4819,0.0000,0.0000,-0.14475,-0.12472,-0.14455,-0.15472,0.13528,0.01075,8,1,HELD
0,G0,1.00,0.0000,0.9529,0.3722,24.208,0.000,1.6138,0.0000,0.0000,-0.14723,-0.12472,-0.14632,-0.15472,0.13528,0.01007,8,1,HELD
0,G0,1.00,0.0000,0.9526,0.3681,26.400,0.000,1.7600,0.0000,0.0000,-0.14973,-0.12472,-0.14827,-0.15472,0.13528,0.01080,8,1,HELD
0,G0,1.00,0.0000,0.9524,0.3650,29.181,0.000,1.9454,0.0000,0.0000,-0.15270,-0.12472,-0.15075,-0.15472,0.13528,0.01374,8,1,HELD
0,G0,1.00,0.0000,0.9521,0.3616,31.788,0.000,2.1192,0.0000,0.0000,-0.15662,-0.12472,-0.15308,-0.15472,0.13528,0.01949,8,1,HELD
0,G0,1.00,0.0000,0.9517,0.3561,33.594,0.000,2.2396,0.0000,0.0000,-0.16303,-0.12475,-0.15472,-0.15475,0.13528,0.03478,8,0,COM_PAST_REAR
0,G0,1.00,0.0000,0.9520,0.3594,33.600,0.000,2.2400,0.0000,0.0000,-0.17685,-0.12472,-0.15470,-0.15472,0.13525,0.08212,8,0,COM_PAST_REAR
0,G0,1.00,0.0000,0.9526,0.3683,33.536,0.000,2.2357,0.0000,0.0000,-0.20920,-0.12460,-0.15452,-0.15460,0.04456,0.20092,6,0,COM_PAST_REAR
0,G1,0.55,0.0000,0.5179,0.1757,-11.679,0.000,0.7786,0.0000,0.0000,1.09890,0.20853,0.18756,1.09890,1.09890,0.06857,0,1,HELD
0,G1,0.55,0.0000,0.5825,0.2128,-11.679,0.000,0.7786,0.0000,0.0000,1.08802,0.20853,0.18756,1.08802,1.08802,0.06968,0,1,HELD
0,G1,0.55,0.0000,0.6017,0.1523,-11.679,0.000,0.7786,0.0000,0.0000,1.08716,0.20853,0.18756,1.08716,1.08716,0.07990,0,1,HELD
0,G1,0.55,0.0000,0.6170,0.1090,-11.679,0.000,0.7786,0.0000,0.0000,1.09094,0.20853,0.18756,1.09094,1.09094,0.06618,0,1,HELD
0,G1,0.55,0.0000,0.6233,0.0860,-11.679,0.000,0.7786,0.0000,0.0000,1.09066,0.20853,0.18756,1.09066,1.09066,0.00218,0,1,HELD
0,G1,0.55,0.0000,0.6231,0.0824,-11.679,0.000,0.7786,0.0000,0.0000,1.09055,0.20853,0.18756,1.09055,1.09055,0.00071,0,1,HELD
0,G1,0.55,0.0000,0.6235,0.0827,-11.679,0.000,0.7786,0.0000,0.0000,1.09051,0.20853,0.18756,1.09051,1.09051,0.00000,0,1,HELD
0,G1,0.55,0.0000,0.6235,0.0827,-11.679,0.000,0.7786,0.0000,0.0000,1.09051,0.20853,0.18756,1.09051,1.09051,0.00000,0,1,HELD
0,G1,0.55,0.0000,0.6235,0.0827,-11.679,0.000,0.7786,0.0000,0.0000,1.09051,0.20853,0.18756,1.09051,1.09051,0.00000,0,0,LOST_PLANTAR_CONTACT
0,G1,0.55,0.0000,0.6235,0.0827,-11.679,0.000,0.7786,0.0000,0.0000,1.09051,0.20853,0.18756,1.09051,1.09051,0.00000,0,0,LOST_PLANTAR_CONTACT
0,G1,0.55,0.0000,0.6235,0.0827,-11.679,0.000,0.7786,0.0000,0.0000,1.09051,0.20853,0.18756,1.09051,1.09051,0.00000,0,0,LOST_PLANTAR_CONTACT
0,G1,0.80,0.6807,0.7944,0.1958,8.862,4.299,0.5908,0.4021,0.0000,-0.02692,-0.02637,-0.03427,-0.15472,0.13528,0.00877,8,1,HELD
0,G1,0.80,0.2304,0.8456,0.2335,63.066,4.584,4.2044,0.9688,0.7919,-0.02582,0.01074,-0.04553,-0.15472,0.13528,0.03620,8,1,HELD
0,G1,0.80,1.0000,0.8477,0.2281,0.673,0.673,0.0449,0.0449,0.0000,-0.02237,-0.01616,-0.01676,-0.15472,0.13528,0.00826,8,1,HELD
0,G1,0.80,0.9234,0.8477,0.2259,5.468,4.876,0.3645,0.3366,0.0000,-0.02460,-0.02253,-0.02741,-0.15472,0.13528,0.00960,8,1,HELD
0,G1,0.80,1.0000,0.8474,0.2243,0.403,1.366,0.0269,0.0269,0.0000,-0.02678,-0.02509,-0.02545,-0.15472,0.13528,0.00636,8,1,HELD
0,G1,0.80,0.9536,0.8472,0.2233,6.624,3.658,0.4416,0.4211,0.0000,-0.02804,-0.02600,-0.03191,-0.15472,0.13528,0.00372,8,1,HELD
0,G1,0.80,1.0000,0.8471,0.2230,-0.662,1.366,0.0441,0.0441,0.0000,-0.02887,-0.02707,-0.02648,-0.15472,0.13528,0.00263,8,1,HELD
0,G1,0.80,0.9545,0.8472,0.2232,5.007,3.658,0.3338,0.3186,0.0000,-0.02953,-0.02832,-0.03279,-0.15472,0.13528,0.00230,8,1,HELD
0,G1,0.80,1.0000,0.8471,0.2228,-2.911,1.330,0.1940,0.1940,0.0000,-0.03021,-0.03019,-0.02760,-0.15472,0.13528,0.00263,8,1,HELD
0,G1,0.80,0.9563,0.8470,0.2225,3.803,3.546,0.2535,0.2425,0.0000,-0.03084,-0.03101,-0.03440,-0.15472,0.13528,0.00183,8,1,HELD
0,G1,0.80,0.9588,0.8470,0.2221,3.669,3.518,0.2446,0.2345,0.0000,-0.03127,-0.03151,-0.03479,-0.15472,0.13528,0.00120,8,1,HELD
0,G1,1.00,0.9863,0.9352,0.2221,9.546,4.581,0.6364,0.6277,0.0000,-0.02880,-0.02532,-0.03384,-0.15472,0.13528,0.00120,8,1,HELD
0,G1,1.00,0.4980,0.9682,0.5766,28.702,11.459,1.9135,0.9528,0.6856,-0.02786,-0.00411,-0.02971,-0.15472,0.13528,0.02834,8,1,HELD
0,G1,1.00,1.0000,0.9700,0.6006,4.441,4.441,0.2960,0.2960,0.0000,-0.02616,-0.01986,-0.02383,-0.15472,0.13528,0.00043,8,1,HELD
0,G1,1.00,0.9413,0.9694,0.5916,8.534,4.434,0.5689,0.5355,0.0000,-0.02693,-0.02324,-0.03085,-0.15472,0.13528,0.00287,8,1,HELD
0,G1,1.00,1.0000,0.9691,0.5879,1.935,2.142,0.1290,0.1290,0.0000,-0.02754,-0.02380,-0.02553,-0.15472,0.13528,0.00168,8,1,HELD
0,G1,1.00,0.9622,0.9691,0.5885,9.011,4.751,0.6007,0.5780,0.0000,-0.02781,-0.02333,-0.03137,-0.15472,0.13528,0.00039,8,1,HELD
0,G1,1.00,1.0000,0.9691,0.5885,3.121,3.121,0.2081,0.2081,0.0000,-0.02779,-0.02269,-0.02547,-0.15472,0.13528,0.00076,8,1,HELD
0,G1,1.00,0.9638,0.9692,0.5894,9.572,5.636,0.6381,0.6150,0.0000,-0.02760,-0.02217,-0.03071,-0.15472,0.13528,0.00095,8,1,HELD
0,G1,1.00,1.0000,0.9692,0.5893,3.129,3.345,0.2086,0.2086,0.0000,-0.02748,-0.02212,-0.02491,-0.15472,0.13528,0.00064,8,1,HELD
0,G1,1.00,0.9638,0.9692,0.5899,9.662,5.636,0.6441,0.6208,0.0000,-0.02740,-0.02197,-0.03059,-0.15472,0.13528,0.00059,8,1,HELD
0,G1,1.00,0.9621,0.9692,0.5900,9.697,5.636,0.6465,0.6220,0.0000,-0.02734,-0.02191,-0.03056,-0.15472,0.13528,0.00053,8,1,HELD
0,G2,0.55,0.6481,0.6097,0.1601,0.294,1.889,0.0196,0.0127,0.0000,-0.02941,-0.02593,-0.02619,-0.15472,0.13528,0.00096,8,1,HELD
0,G2,0.55,0.2748,0.6805,0.2173,34.138,9.381,2.2758,0.6254,0.0000,-0.02742,0.00897,-0.02149,-0.15472,0.13528,0.03129,8,1,HELD
0,G2,0.55,0.7847,0.6854,0.2153,4.453,4.450,0.2969,0.2330,0.0000,-0.02472,-0.01179,-0.01577,-0.15472,0.13528,0.00189,8,1,HELD
0,G2,0.55,0.8000,0.6831,0.2000,9.308,5.295,0.6205,0.4964,0.0000,-0.02581,-0.02171,-0.03001,-0.15472,0.13528,0.00623,8,1,HELD
0,G2,0.55,0.8034,0.6826,0.1966,-0.796,2.518,0.0531,0.0426,0.0000,-0.02736,-0.02593,-0.02522,-0.15472,0.13528,0.00619,8,1,HELD
0,G2,0.55,0.8032,0.6825,0.1968,5.851,4.257,0.3901,0.3133,0.0000,-0.02868,-0.02740,-0.03263,-0.15472,0.13528,0.00389,8,1,HELD
0,G2,0.55,0.8037,0.6825,0.1963,-1.391,1.918,0.0928,0.0746,0.0000,-0.02954,-0.02857,-0.02733,-0.15472,0.13528,0.00300,8,1,HELD
0,G2,0.55,0.8040,0.6825,0.1960,5.243,4.176,0.3496,0.2810,0.0000,-0.03014,-0.02908,-0.03375,-0.15472,0.13528,0.00188,8,1,HELD
0,G2,0.55,0.8043,0.6824,0.1957,-1.421,1.862,0.0947,0.0762,0.0000,-0.03051,-0.02933,-0.02806,-0.15472,0.13528,0.00091,8,1,HELD
0,G2,0.55,0.8043,0.6824,0.1957,5.338,4.154,0.3559,0.2862,0.0000,-0.03072,-0.02937,-0.03414,-0.15472,0.13528,0.00064,8,1,HELD
0,G2,0.55,0.8043,0.6824,0.1957,5.264,4.154,0.3509,0.2822,0.0000,-0.03085,-0.02950,-0.03420,-0.15472,0.13528,0.00048,8,1,HELD
0,G2,0.80,0.6858,0.7945,0.1961,7.931,3.244,0.5288,0.3626,0.0000,-0.02681,-0.02644,-0.03352,-0.15472,0.13528,0.00914,8,1,HELD
0,G2,0.80,0.2337,0.8457,0.2338,61.454,4.584,4.0969,0.9574,0.7161,-0.02585,0.00892,-0.04590,-0.15472,0.13528,0.03400,8,1,HELD
0,G2,0.80,0.7704,0.8484,0.2296,5.176,4.592,0.3450,0.2658,0.0000,-0.02253,-0.01356,-0.01817,-0.15472,0.13528,0.00491,8,1,HELD
0,G2,0.80,0.7734,0.8479,0.2266,1.018,2.785,0.0678,0.0525,0.0000,-0.02443,-0.02115,-0.02205,-0.15472,0.13528,0.00836,8,1,HELD
0,G2,0.80,0.7754,0.8475,0.2246,6.637,3.673,0.4425,0.3431,0.0000,-0.02659,-0.02522,-0.03114,-0.15472,0.13528,0.00710,8,1,HELD
0,G2,0.80,0.7768,0.8472,0.2232,-0.784,1.381,0.0522,0.0406,0.0000,-0.02804,-0.02669,-0.02599,-0.15472,0.13528,0.00458,8,1,HELD
0,G2,0.80,0.7768,0.8472,0.2232,4.705,3.655,0.3137,0.2437,0.0000,-0.02909,-0.02830,-0.03250,-0.15472,0.13528,0.00354,8,1,HELD
0,G2,0.80,0.7773,0.8471,0.2227,-2.033,1.296,0.1355,0.1054,0.0000,-0.02991,-0.02938,-0.02757,-0.15472,0.13528,0.00255,8,1,HELD
0,G2,0.80,0.7775,0.8471,0.2225,4.728,3.557,0.3152,0.2450,0.0000,-0.03046,-0.02980,-0.03402,-0.15472,0.13528,0.00144,8,1,HELD
0,G2,0.80,0.7778,0.8470,0.2222,-2.108,1.251,0.1405,0.1093,0.0000,-0.03082,-0.03024,-0.02836,-0.15472,0.13528,0.00096,8,1,HELD
0,G2,0.80,0.7779,0.8470,0.2221,-2.201,1.248,0.1468,0.1142,0.0000,-0.03104,-0.03045,-0.02848,-0.15472,0.13528,0.00057,8,1,HELD
0,G2,1.00,0.7776,0.9353,0.2224,9.971,4.440,0.6648,0.5169,0.0000,-0.02823,-0.02403,-0.03292,-0.15472,0.13528,0.00117,8,1,HELD
0,G2,1.00,0.4220,0.9683,0.5780,29.762,11.459,1.9841,0.8373,0.0000,-0.02724,-0.00273,-0.02928,-0.15472,0.13528,0.02844,8,1,HELD
0,G2,1.00,0.3984,0.9701,0.6016,6.266,2.649,0.4177,0.1664,0.0000,-0.02449,-0.01322,-0.01881,-0.15472,0.13528,0.00434,8,1,HELD
0,G2,1.00,0.4044,0.9697,0.5956,11.414,4.616,0.7609,0.3077,0.0000,-0.02439,-0.01691,-0.02709,-0.15472,0.13528,0.00161,8,1,HELD
0,G2,1.00,0.4067,0.9695,0.5933,4.834,2.279,0.3222,0.1311,0.0000,-0.02492,-0.01831,-0.02262,-0.15472,0.13528,0.00186,8,1,HELD
0,G2,1.00,0.4071,0.9695,0.5929,11.179,4.546,0.7453,0.3034,0.0000,-0.02535,-0.01876,-0.02873,-0.15472,0.13528,0.00117,8,1,HELD
0,G2,1.00,0.4078,0.9694,0.5922,4.701,2.245,0.3134,0.1278,0.0000,-0.02564,-0.01910,-0.02330,-0.15472,0.13528,0.00069,8,1,HELD
0,G2,1.00,0.4077,0.9694,0.5923,11.124,4.534,0.7416,0.3023,0.0000,-0.02583,-0.01920,-0.02912,-0.15472,0.13528,0.00026,8,1,HELD
0,G2,1.00,0.4084,0.9694,0.5916,4.659,2.240,0.3106,0.1269,0.0000,-0.02594,-0.01935,-0.02351,-0.15472,0.13528,0.00013,8,1,HELD
0,G2,1.00,0.4080,0.9694,0.5920,11.108,4.530,0.7406,0.3022,0.0000,-0.02602,-0.01936,-0.02927,-0.15472,0.13528,0.00011,8,1,HELD
0,G2,1.00,0.4081,0.9694,0.5919,11.098,4.529,0.7399,0.3019,0.0000,-0.02606,-0.01939,-0.02929,-0.15472,0.13528,0.00022,8,1,HELD
0,G2+raw,0.55,0.6132,0.6097,0.1603,7.454,4.135,0.4970,0.3047,0.0000,-0.02937,-0.02567,-0.03232,-0.15472,0.13528,0.00087,8,1,HELD
0,G2+raw,0.55,0.2942,0.6790,0.2173,37.122,10.920,2.4748,0.7280,1.0000,-0.02726,0.01189,-0.02123,-0.15472,0.13528,0.03395,8,1,HELD
0,G2+raw,0.55,0.7897,0.6842,0.2103,9.524,5.275,0.6350,0.5014,0.0000,-0.02475,-0.01492,-0.02341,-0.15472,0.13528,0.00137,8,1,HELD
0,G2+raw,0.55,0.8001,0.6831,0.1999,-0.766,2.649,0.0510,0.0408,0.0000,-0.02594,-0.02293,-0.02225,-0.15472,0.13528,0.00713,8,1,HELD
0,G2+raw,0.55,0.8029,0.6826,0.1971,6.115,4.345,0.4077,0.3273,0.0000,-0.02755,-0.02598,-0.03143,-0.15472,0.13528,0.00570,8,1,HELD
0,G2+raw,0.55,0.8034,0.6825,0.1966,-0.821,1.954,0.0547,0.0440,0.0000,-0.02878,-0.02751,-0.02678,-0.15472,0.13528,0.00373,8,1,HELD
0,G2+raw,0.55,0.8037,0.6825,0.1963,5.311,4.224,0.3541,0.2846,0.0000,-0.02959,-0.02848,-0.03321,-0.15472,0.13528,0.00279,8,1,HELD
0,G2+raw,0.55,0.8041,0.6825,0.1959,-1.404,1.892,0.0936,0.0753,0.0000,-0.03014,-0.02896,-0.02771,-0.15472,0.13528,0.00172,8,1,HELD
0,G2+raw,0.55,0.8041,0.6825,0.1959,5.181,4.166,0.3454,0.2777,0.0000,-0.03051,-0.02935,-0.03397,-0.15472,0.13528,0.00095,8,1,HELD
0,G2+raw,0.55,0.8043,0.6824,0.1957,-1.638,1.864,0.1092,0.0878,0.0000,-0.03075,-0.02961,-0.02815,-0.15472,0.13528,0.00078,8,1,HELD
0,G2+raw,0.55,0.8044,0.6824,0.1956,-1.539,1.853,0.1026,0.0825,0.0000,-0.03089,-0.02965,-0.02827,-0.15472,0.13528,0.00049,8,1,HELD
0,G2+raw,0.80,0.7324,0.7945,0.1966,0.552,0.948,0.0368,0.0270,0.0000,-0.02681,-0.02698,-0.02748,-0.15472,0.13528,0.00972,8,1,HELD
0,G2+raw,0.80,0.2163,0.8444,0.2343,63.687,4.584,4.2458,0.9185,1.0000,-0.02566,0.01184,-0.04497,-0.15472,0.13528,0.03714,8,1,HELD
0,G2+raw,0.80,0.7755,0.8472,0.2245,1.919,3.387,0.1280,0.0992,0.0000,-0.02236,-0.01479,-0.01650,-0.15472,0.13528,0.00665,8,1,HELD
0,G2+raw,0.80,0.7734,0.8479,0.2266,5.090,3.937,0.3394,0.2625,0.0000,-0.02460,-0.02280,-0.02734,-0.15472,0.13528,0.00994,8,1,HELD
0,G2+raw,0.80,0.7754,0.8475,0.2246,-1.082,1.437,0.0721,0.0559,0.0000,-0.02685,-0.02602,-0.02506,-0.15472,0.13528,0.00731,8,1,HELD
0,G2+raw,0.80,0.7767,0.8472,0.2233,4.662,3.621,0.3108,0.2414,0.0000,-0.02849,-0.02830,-0.03246,-0.15472,0.13528,0.00529,8,1,HELD
0,G2+raw,0.80,0.7774,0.8471,0.2226,-1.897,1.288,0.1265,0.0983,0.0000,-0.02960,-0.02920,-0.02751,-0.15472,0.13528,0.00319,8,1,HELD
0,G2+raw,0.80,0.7774,0.8471,0.2226,4.646,3.563,0.3097,0.2408,0.0000,-0.03029,-0.02977,-0.03391,-0.15472,0.13528,0.00193,8,1,HELD
0,G2+raw,0.80,0.7778,0.8470,0.2222,-2.134,1.250,0.1422,0.1106,0.0000,-0.03073,-0.03022,-0.02832,-0.15472,0.13528,0.00119,8,1,HELD
0,G2+raw,0.80,0.7777,0.8470,0.2223,4.543,3.533,0.3028,0.2355,0.0000,-0.03099,-0.03036,-0.03441,-0.15472,0.13528,0.00060,8,1,HELD
0,G2+raw,0.80,0.7778,0.8470,0.2222,4.610,3.533,0.3073,0.2390,0.0000,-0.03115,-0.03044,-0.03455,-0.15472,0.13528,0.00023,8,1,HELD
0,G2+raw,1.00,0.7777,0.9352,0.2223,2.045,1.844,0.1363,0.1060,0.0000,-0.02844,-0.02554,-0.02736,-0.15472,0.13528,0.00203,8,1,HELD
0,G2+raw,1.00,0.4315,0.9676,0.5685,31.333,11.459,2.0889,0.9012,1.0000,-0.02735,-0.00087,-0.02882,-0.15472,0.13528,0.03151,8,1,HELD
0,G2+raw,1.00,0.4093,0.9693,0.5907,5.644,2.553,0.3763,0.1540,0.0000,-0.02456,-0.01448,-0.01952,-0.15472,0.13528,0.00275,8,1,HELD
0,G2+raw,1.00,0.4053,0.9696,0.5947,11.479,4.653,0.7653,0.3102,0.0000,-0.02458,-0.01704,-0.02728,-0.15472,0.13528,0.00128,8,1,HELD
0,G2+raw,1.00,0.4065,0.9695,0.5935,4.893,2.287,0.3262,0.1326,0.0000,-0.02500,-0.01825,-0.02262,-0.15472,0.13528,0.00158,8,1,HELD
0,G2+raw,1.00,0.4071,0.9695,0.5929,11.166,4.545,0.7444,0.3030,0.0000,-0.02538,-0.01877,-0.02873,-0.15472,0.13528,0.00108,8,1,HELD
0,G2+raw,1.00,0.4078,0.9694,0.5922,4.699,2.244,0.3132,0.1278,0.0000,-0.02566,-0.01912,-0.02331,-0.15472,0.13528,0.00067,8,1,HELD
0,G2+raw,1.00,0.4077,0.9694,0.5923,11.124,4.535,0.7416,0.3024,0.0000,-0.02584,-0.01920,-0.02913,-0.15472,0.13528,0.00023,8,1,HELD
0,G2+raw,1.00,0.4085,0.9694,0.5915,4.659,2.240,0.3106,0.1269,0.0000,-0.02595,-0.01936,-0.02351,-0.15472,0.13528,0.00011,8,1,HELD
0,G2+raw,1.00,0.4081,0.9694,0.5919,11.119,4.530,0.7413,0.3025,0.0000,-0.02602,-0.01935,-0.02927,-0.15472,0.13528,0.00014,8,1,HELD
0,G2+raw,1.00,0.4081,0.9694,0.5919,11.111,4.530,0.7408,0.3023,0.0000,-0.02606,-0.01938,-0.02929,-0.15472,0.13528,0.00024,8,1,HELD
0,G2+raw+gain,0.55,0.6037,0.6099,0.1612,6.190,3.737,0.4127,0.2491,0.0000,-0.02730,-0.01967,-0.03007,-0.15472,0.13528,0.00074,8,1,HELD
0,G2+raw+gain,0.55,0.3665,0.6782,0.2175,28.300,10.371,1.8867,0.6914,1.0000,-0.02433,0.02788,-0.01968,-0.15472,0.13528,0.04291,8,1,HELD
0,G2+raw+gain,0.55,0.7901,0.6841,0.2099,4.476,4.019,0.2984,0.2358,0.0000,-0.02078,-0.00380,-0.01133,-0.15472,0.13528,0.00053,8,1,HELD
0,G2+raw+gain,0.55,0.7972,0.6836,0.2028,6.500,4.973,0.4333,0.3455,0.0000,-0.02223,-0.01441,-0.02533,-0.15472,0.13528,0.00814,8,1,HELD
0,G2+raw+gain,0.55,0.8010,0.6830,0.1990,2.322,2.216,0.1548,0.1240,0.0000,-0.02424,-0.01898,-0.02288,-0.15472,0.13528,0.00723,8,1,HELD
0,G2+raw+gain,0.55,0.8021,0.6828,0.1979,5.560,4.426,0.3706,0.2973,0.0000,-0.02574,-0.02055,-0.02989,-0.15472,0.13528,0.00465,8,1,HELD
0,G2+raw+gain,0.55,0.8026,0.6827,0.1974,1.972,2.096,0.1314,0.1055,0.0000,-0.02671,-0.02136,-0.02467,-0.15472,0.13528,0.00304,8,1,HELD
0,G2+raw+gain,0.55,0.8027,0.6827,0.1973,5.462,4.368,0.3641,0.2923,0.0000,-0.02731,-0.02174,-0.03092,-0.15472,0.13528,0.00177,8,1,HELD
0,G2+raw+gain,0.55,0.8030,0.6827,0.1970,1.881,2.063,0.1254,0.1007,0.0000,-0.02768,-0.02210,-0.02526,-0.15472,0.13528,0.00097,8,1,HELD
0,G2+raw+gain,0.55,0.8030,0.6827,0.1970,5.413,4.346,0.3609,0.2898,0.0000,-0.02791,-0.02222,-0.03131,-0.15472,0.13528,0.00067,8,1,HELD
0,G2+raw+gain,0.55,0.8030,0.6827,0.1970,5.410,4.340,0.3606,0.2896,0.0000,-0.02806,-0.02232,-0.03141,-0.15472,0.13528,0.00043,8,1,HELD
0,G2+raw+gain,0.80,0.6467,0.7950,0.1990,5.979,3.867,0.3986,0.2578,0.0000,-0.02335,-0.01901,-0.02906,-0.15472,0.13528,0.01006,8,1,HELD
0,G2+raw+gain,0.80,0.2202,0.8440,0.2354,39.101,4.584,2.6068,0.5740,1.0000,-0.02191,0.02368,-0.04203,-0.15472,0.13528,0.04111,8,1,HELD
0,G2+raw+gain,0.80,0.7734,0.8479,0.2266,7.450,5.520,0.4967,0.3841,0.0000,-0.01805,-0.00448,-0.01700,-0.15472,0.13528,0.00628,8,1,HELD
0,G2+raw+gain,0.80,0.7703,0.8485,0.2297,2.502,1.927,0.1668,0.1285,0.0000,-0.02036,-0.01369,-0.01790,-0.15472,0.13528,0.01087,8,1,HELD
0,G2+raw+gain,0.80,0.7731,0.8479,0.2269,5.076,3.924,0.3384,0.2616,0.0000,-0.02297,-0.01860,-0.02713,-0.15472,0.13528,0.00928,8,1,HELD
0,G2+raw+gain,0.80,0.7753,0.8475,0.2247,1.399,1.493,0.0933,0.0723,0.0000,-0.02499,-0.02107,-0.02342,-0.15472,0.13528,0.00644,8,1,HELD
0,G2+raw+gain,0.80,0.7757,0.8474,0.2243,4.815,3.735,0.3210,0.2490,0.0000,-0.02632,-0.02213,-0.03022,-0.15472,0.13528,0.00388,8,1,HELD
0,G2+raw+gain,0.80,0.7761,0.8473,0.2239,1.266,1.420,0.0844,0.0655,0.0000,-0.02715,-0.02286,-0.02498,-0.15472,0.13528,0.00241,8,1,HELD
0,G2+raw+gain,0.80,0.7761,0.8473,0.2239,4.760,3.694,0.3173,0.2463,0.0000,-0.02766,-0.02319,-0.03119,-0.15472,0.13528,0.00131,8,1,HELD
0,G2+raw+gain,0.80,0.7764,0.8473,0.2236,1.223,1.393,0.0815,0.0633,0.0000,-0.02798,-0.02351,-0.02556,-0.15472,0.13528,0.00080,8,1,HELD
0,G2+raw+gain,0.80,0.7765,0.8472,0.2235,1.215,1.388,0.0810,0.0629,0.0000,-0.02817,-0.02365,-0.02570,-0.15472,0.13528,0.00041,8,1,HELD
0,G2+raw+gain,1.00,0.7759,0.9356,0.2241,6.508,4.439,0.4339,0.3367,0.0000,-0.02536,-0.01880,-0.02974,-0.15472,0.13528,0.00211,8,1,HELD
0,G2+raw+gain,1.00,0.4269,0.9680,0.5731,18.613,7.946,1.2409,0.5297,1.0000,-0.02434,0.00391,-0.02738,-0.15472,0.13528,0.02911,8,1,HELD
0,G2+raw+gain,1.00,0.4011,0.9699,0.5989,12.027,4.824,0.8018,0.3216,0.0000,-0.02051,-0.00124,-0.02145,-0.15472,0.13528,0.00946,8,1,HELD
0,G2+raw+gain,1.00,0.3985,0.9701,0.6015,8.743,3.484,0.5828,0.2323,0.0000,-0.01894,-0.00121,-0.01590,-0.15472,0.13528,0.00463,8,1,HELD
0,G2+raw+gain,1.00,0.3962,0.9703,0.6038,12.068,4.781,0.8045,0.3187,0.0000,-0.01813,-0.00067,-0.02095,-0.15472,0.13528,0.00293,8,1,HELD
0,G2+raw+gain,1.00,0.3961,0.9703,0.6039,8.825,3.495,0.5883,0.2330,0.0000,-0.01765,-0.00035,-0.01518,-0.15472,0.13528,0.00185,8,1,HELD
0,G2+raw+gain,1.00,0.3950,0.9704,0.6050,12.155,4.801,0.8103,0.3201,0.0000,-0.01734,0.00000,-0.02042,-0.15472,0.13528,0.00138,8,1,HELD
0,G2+raw+gain,1.00,0.3954,0.9703,0.6046,9.011,3.563,0.6008,0.2375,0.0000,-0.01712,0.00031,-0.01483,-0.15472,0.13528,0.00112,8,1,HELD
0,G2+raw+gain,1.00,0.3948,0.9704,0.6052,12.432,4.908,0.8288,0.3272,0.0000,-0.01692,0.00078,-0.02011,-0.15472,0.13528,0.00118,8,1,HELD
0,G2+raw+gain,1.00,0.3949,0.9704,0.6051,9.242,3.650,0.6161,0.2433,0.0000,-0.01672,0.00111,-0.01442,-0.15472,0.13528,0.00104,8,1,HELD
0,G2+raw+gain,1.00,0.3946,0.9704,0.6054,9.273,3.659,0.6182,0.2439,0.0000,-0.01656,0.00132,-0.01426,-0.15472,0.13528,0.00087,8,1,HELD
25,G0,0.55,0.0535,0.6197,0.1994,24.923,1.333,1.6616,0.0888,0.0000,-0.04628,-0.03397,-0.05620,-0.15472,0.13528,0.01187,8,1,HELD
25,G0,0.55,0.0000,0.6950,0.2845,124.158,0.000,8.2772,0.0000,0.0000,-0.03921,0.04102,-0.06975,-0.15472,0.13528,0.06539,8,1,HELD
25,G0,0.55,0.5204,0.6939,0.2898,16.654,8.865,1.1103,0.5778,0.0000,-0.02272,0.03124,0.01639,-0.15472,0.13528,0.01300,8,1,HELD
25,G0,0.55,0.4930,0.7021,0.2960,12.228,6.136,0.8152,0.4019,0.0000,-0.02645,-0.01282,-0.02373,-0.15472,0.13528,0.02313,8,1,HELD
25,G0,0.55,0.4897,0.7031,0.3004,14.487,6.340,0.9658,0.4729,0.0000,-0.03175,-0.02343,-0.03635,-0.15472,0.13528,0.01972,8,1,HELD
25,G0,0.55,0.4958,0.7013,0.2907,5.341,3.302,0.3560,0.1765,0.0000,-0.03596,-0.03041,-0.03518,-0.15472,0.13528,0.01592,8,1,HELD
25,G0,0.55,0.4996,0.7001,0.2844,10.603,5.219,0.7068,0.3532,0.0000,-0.03918,-0.03480,-0.04426,-0.15472,0.13528,0.01240,8,1,HELD
25,G0,0.55,0.5017,0.6995,0.2818,3.670,2.780,0.2446,0.1227,0.0000,-0.04134,-0.03656,-0.03983,-0.15472,0.13528,0.00869,8,1,HELD
25,G0,0.55,0.5027,0.6992,0.2810,10.051,4.998,0.6700,0.3368,0.0000,-0.04270,-0.03770,-0.04666,-0.15472,0.13528,0.00565,8,1,HELD
25,G0,0.55,0.5035,0.6989,0.2803,3.175,2.667,0.2116,0.1066,0.0000,-0.04354,-0.03830,-0.04113,-0.15472,0.13528,0.00324,8,1,HELD
25,G0,0.55,0.5039,0.6988,0.2800,3.067,2.638,0.2044,0.1030,0.0000,-0.04405,-0.03871,-0.04144,-0.15472,0.13528,0.00204,8,1,HELD
25,G0,0.80,0.0867,0.8127,0.2897,45.220,4.402,3.0147,0.2614,0.0000,-0.02004,0.01122,-0.02912,-0.15472,0.13528,0.01464,8,1,HELD
25,G0,0.80,0.0000,0.8666,0.3446,182.249,0.000,12.1499,0.0000,0.0000,-0.01157,0.10528,-0.05731,-0.15472,0.13528,0.10245,8,1,HELD
25,G0,0.80,0.0000,0.8679,0.3331,133.200,0.000,8.8800,0.0000,0.0000,0.03410,0.10528,-0.01355,-0.15472,0.13528,0.25204,8,1,HELD
25,G0,0.80,0.0000,0.8680,0.3291,64.372,0.000,4.2915,0.0000,0.0000,0.11561,0.10528,0.04785,-0.15472,0.13528,0.40444,8,1,HELD
25,G0,0.80,0.0000,0.8807,0.4011,0.180,0.000,0.0120,0.0000,0.0000,0.23838,0.13416,0.13400,0.13346,0.13463,0.58830,4,1,HELD
25,G0,0.80,0.0000,0.8726,0.3994,-16.379,0.000,1.0919,0.0000,0.0000,0.45393,0.11701,0.13162,0.09091,0.13441,1.19230,8,1,HELD
25,G0,0.80,0.1400,0.8080,0.1442,30.996,4.340,2.0664,0.2894,0.0000,0.78234,0.15503,0.12737,0.12452,0.17537,0.59875,8,1,HELD
25,G0,0.80,0.1552,0.8034,0.0259,2.535,0.393,0.1690,0.0262,0.0000,0.82911,0.15288,0.12735,0.07181,0.18288,0.15323,8,1,HELD
25,G0,0.80,0.1280,0.8116,0.0423,-5.554,-0.711,0.3703,0.0474,0.0000,0.82112,0.11845,0.09621,0.04397,0.14845,0.01967,8,0,COM_PAST_FRONT
25,G0,0.80,0.1273,0.8118,0.0434,-4.230,-0.538,0.2820,0.0359,0.0000,0.82207,0.12295,0.09946,0.04596,0.15295,0.00389,8,0,COM_PAST_FRONT
25,G0,0.80,0.1230,0.8131,0.0500,81.367,4.100,5.4244,0.6671,0.0000,0.82191,0.12396,0.05137,0.04635,0.15396,0.00649,8,0,COM_PAST_FRONT
25,G0,1.00,0.0000,0.8930,0.0000,15.777,0.000,1.0518,0.0000,0.0000,-1.24933,-0.19242,-0.18915,-1.24933,-1.24933,0.02381,0,1,HELD
25,G0,1.00,0.0000,0.9267,0.0304,15.777,0.000,1.0518,0.0000,0.0000,-1.25408,-0.19242,-0.18915,-1.25408,-1.25408,0.00093,0,1,HELD
25,G0,1.00,0.0000,0.9301,0.0681,15.777,0.000,1.0518,0.0000,0.0000,-1.25453,-0.19242,-0.18915,-1.25453,-1.25453,0.00283,0,1,HELD
25,G0,1.00,0.0000,0.9304,0.0718,15.777,0.000,1.0518,0.0000,0.0000,-1.25456,-0.19242,-0.18915,-1.25456,-1.25456,0.00000,0,1,HELD
25,G0,1.00,0.0000,0.9304,0.0718,15.777,0.000,1.0518,0.0000,0.0000,-1.25456,-0.19242,-0.18915,-1.25456,-1.25456,0.00000,0,1,HELD
25,G0,1.00,0.0000,0.9304,0.0718,15.777,0.000,1.0518,0.0000,0.0000,-1.25456,-0.19242,-0.18915,-1.25456,-1.25456,0.00000,0,1,HELD
25,G0,1.00,0.0000,0.9304,0.0718,15.777,0.000,1.0518,0.0000,0.0000,-1.25456,-0.19242,-0.18915,-1.25456,-1.25456,0.00000,0,1,HELD
25,G0,1.00,0.0000,0.9304,0.0718,15.777,0.000,1.0518,0.0000,0.0000,-1.25456,-0.19242,-0.18915,-1.25456,-1.25456,0.00000,0,1,HELD
25,G0,1.00,0.0000,0.9304,0.0718,15.777,0.000,1.0518,0.0000,0.0000,-1.25456,-0.19242,-0.18915,-1.25456,-1.25456,0.00000,0,0,LOST_PLANTAR_CONTACT
25,G0,1.00,0.0000,0.9304,0.0718,15.777,0.000,1.0518,0.0000,0.0000,-1.25456,-0.19242,-0.18915,-1.25456,-1.25456,0.00000,0,0,LOST_PLANTAR_CONTACT
25,G0,1.00,0.0000,0.9304,0.0718,15.777,0.000,1.0518,0.0000,0.0000,-1.25456,-0.19242,-0.18915,-1.25456,-1.25456,0.00000,0,0,LOST_PLANTAR_CONTACT
25,G1,0.55,0.0527,0.6198,0.1994,25.076,1.322,1.6718,0.0881,0.0000,-0.04648,-0.03476,-0.05713,-0.15472,0.13528,0.01139,8,1,HELD
25,G1,0.55,0.0000,0.6951,0.2847,121.609,0.000,8.1072,0.0000,0.0000,-0.03969,0.03842,-0.07007,-0.15472,0.13528,0.06411,8,1,HELD
25,G1,0.55,1.0000,0.6937,0.2911,11.581,9.780,0.7721,0.7721,0.0000,-0.02360,0.02511,0.01478,-0.15472,0.13528,0.01036,8,1,HELD
25,G1,0.55,0.7791,0.7017,0.2941,4.905,4.954,0.3270,0.2548,0.0000,-0.02830,-0.02036,-0.02474,-0.15472,0.13528,0.02571,8,1,HELD
25,G1,0.55,1.0000,0.7027,0.2981,9.570,5.987,0.6380,0.6380,0.0000,-0.03420,-0.03110,-0.03963,-0.15472,0.13528,0.02085,8,1,HELD
25,G1,0.55,1.0000,0.7008,0.2884,-0.082,3.083,0.0055,0.0055,0.0000,-0.03866,-0.03779,-0.03772,-0.15472,0.13528,0.01606,8,1,HELD
25,G1,0.55,1.0000,0.6997,0.2820,4.912,4.912,0.3275,0.3275,0.0000,-0.04188,-0.04211,-0.04649,-0.15472,0.13528,0.01238,8,1,HELD
25,G1,0.55,1.0000,0.6991,0.2796,-1.515,2.530,0.1010,0.1010,0.0000,-0.04404,-0.04378,-0.04243,-0.15472,0.13528,0.00862,8,1,HELD
25,G1,0.55,0.9726,0.6988,0.2787,5.628,4.737,0.3752,0.3650,0.0000,-0.04534,-0.04433,-0.04935,-0.15472,0.13528,0.00523,8,1,HELD
25,G1,0.55,1.0000,0.6986,0.2781,-1.326,2.445,0.0884,0.0884,0.0000,-0.04606,-0.04465,-0.04347,-0.15472,0.13528,0.00285,8,1,HELD
25,G1,0.55,1.0000,0.6985,0.2780,-1.810,2.445,0.1206,0.1206,0.0000,-0.04651,-0.04524,-0.04363,-0.15472,0.13528,0.00199,8,1,HELD
25,G1,0.80,0.0370,0.8120,0.2873,46.408,1.719,3.0939,0.1146,0.0000,-0.02135,0.00080,-0.04060,-0.15472,0.13528,0.02184,8,1,HELD
25,G1,0.80,0.0000,0.8656,0.3478,143.523,2.292,9.5682,0.0000,0.0000,-0.01753,0.09032,-0.03772,-0.15472,0.13528,0.07712,8,1,HELD
25,G1,0.80,1.0000,0.8605,0.3348,9.442,9.442,0.6294,0.6294,0.0000,-0.00462,0.03958,0.03116,-0.15472,0.13528,0.02107,8,1,HELD
25,G1,0.80,0.6990,0.8693,0.3389,13.928,8.540,0.9285,0.6490,0.0000,-0.01591,-0.00927,-0.02169,-0.15472,0.13528,0.04674,8,1,HELD
25,G1,0.80,1.0000,0.8697,0.3404,2.624,4.814,0.1749,0.1749,0.0000,-0.02597,-0.02392,-0.02626,-0.15472,0.13528,0.03518,8,1,HELD
25,G1,0.80,1.0000,0.8672,0.3266,8.069,6.039,0.5380,0.5380,0.0000,-0.03330,-0.03277,-0.03997,-0.15472,0.13528,0.02466,8,1,HELD
25,G1,0.80,1.0000,0.8656,0.3175,2.460,3.090,0.1640,0.1640,0.0000,-0.03841,-0.03769,-0.03989,-0.15472,0.13528,0.01591,8,1,HELD
25,G1,0.80,0.9871,0.8650,0.3137,10.226,5.868,0.6817,0.6729,0.0000,-0.04110,-0.03718,-0.04630,-0.15472,0.13528,0.00762,8,1,HELD
25,G1,0.80,1.0000,0.8649,0.3133,3.337,4.351,0.2224,0.2224,0.0000,-0.04236,-0.03716,-0.04014,-0.15472,0.13528,0.00415,8,1,HELD
25,G1,0.80,0.9527,0.8651,0.3141,9.525,6.643,0.6350,0.6050,0.0000,-0.04311,-0.03789,-0.04639,-0.15472,0.13528,0.00305,8,1,HELD
25,G1,0.80,0.9591,0.8651,0.3144,8.509,6.643,0.5673,0.5441,0.0000,-0.04365,-0.03902,-0.04661,-0.15472,0.13528,0.00280,8,1,HELD
25,G1,1.00,1.0000,0.9488,0.3171,3.052,7.344,0.2034,0.2034,0.0000,-0.03115,-0.01796,-0.02068,-0.15472,0.13528,0.01179,8,1,HELD
25,G1,1.00,0.1624,0.9673,0.5642,44.525,7.183,2.9683,0.4820,0.0000,-0.03492,-0.01331,-0.05304,-0.15472,0.13528,0.02851,8,1,HELD
25,G1,1.00,1.0000,0.9691,0.5883,7.851,6.321,0.5234,0.5234,0.0000,-0.03643,-0.03188,-0.03888,-0.15472,0.13528,0.01409,8,1,HELD
25,G1,1.00,0.9441,0.9699,0.5989,3.006,3.582,0.2004,0.1892,0.0000,-0.03950,-0.03561,-0.03829,-0.15472,0.13528,0.02033,8,1,HELD
25,G1,1.00,0.9145,0.9707,0.6090,7.772,5.874,0.5181,0.4738,0.0000,-0.04134,-0.03732,-0.04425,-0.15472,0.13528,0.01238,8,1,HELD
25,G1,1.00,1.0000,0.9708,0.6106,0.308,3.384,0.0206,0.0206,0.0000,-0.04291,-0.04050,-0.04078,-0.15472,0.13528,0.00791,8,1,HELD
25,G1,1.00,1.0000,0.9705,0.6066,5.926,5.676,0.3951,0.3951,0.0000,-0.04408,-0.04180,-0.04709,-0.15472,0.13528,0.01048,8,1,HELD
25,G1,1.00,1.0000,0.9704,0.6054,-0.039,3.295,0.0026,0.0026,0.0000,-0.04489,-0.04238,-0.04235,-0.15472,0.13528,0.00331,8,1,HELD
25,G1,1.00,0.9543,0.9707,0.6093,6.660,5.587,0.4440,0.4237,0.0000,-0.04527,-0.04226,-0.04820,-0.15472,0.13528,0.00485,8,1,HELD
25,G1,1.00,1.0000,0.9708,0.6107,0.251,3.295,0.0167,0.0167,0.0000,-0.04544,-0.04230,-0.04252,-0.15472,0.13528,0.00357,8,1,HELD
25,G1,1.00,1.0000,0.9706,0.6084,0.326,3.295,0.0217,0.0217,0.0000,-0.04552,-0.04228,-0.04257,-0.15472,0.13528,0.00059,8,1,HELD
25,G2,0.55,0.0562,0.6197,0.1991,24.678,1.387,1.6452,0.0925,0.0000,-0.04659,-0.03481,-0.05683,-0.15472,0.13528,0.01121,8,1,HELD
25,G2,0.55,0.0000,0.6950,0.2846,121.239,0.000,8.0826,0.0000,0.0000,-0.03980,0.03804,-0.07012,-0.15472,0.13528,0.06395,8,1,HELD
25,G2,0.55,0.7098,0.6942,0.2902,10.898,9.809,0.7266,0.5157,0.0000,-0.02374,0.02687,0.01715,-0.15472,0.13528,0.01166,8,1,HELD
25,G2,0.55,0.6923,0.7021,0.2962,11.579,7.474,0.7720,0.5344,0.0000,-0.02792,-0.01839,-0.02872,-0.15472,0.13528,0.02474,8,1,HELD
25,G2,0.55,0.7011,0.7028,0.2989,5.493,3.852,0.3662,0.2568,0.0000,-0.03355,-0.02873,-0.03363,-0.15472,0.13528,0.02019,8,1,HELD
25,G2,0.55,0.7110,0.7010,0.2890,7.908,5.499,0.5272,0.3748,0.0000,-0.03780,-0.03551,-0.04257,-0.15472,0.13528,0.01603,8,1,HELD
25,G2,0.55,0.7173,0.6998,0.2827,0.911,2.767,0.0608,0.0436,0.0000,-0.04098,-0.03927,-0.04008,-0.15472,0.13528,0.01195,8,1,HELD
25,G2,0.55,0.7195,0.6993,0.2805,7.167,4.900,0.4778,0.3438,0.0000,-0.04309,-0.04124,-0.04763,-0.15472,0.13528,0.00856,8,1,HELD
25,G2,0.55,0.7205,0.6990,0.2795,0.019,2.584,0.0013,0.0009,0.0000,-0.04440,-0.04212,-0.04214,-0.15472,0.13528,0.00547,8,1,HELD
25,G2,0.55,0.7209,0.6988,0.2791,6.696,4.823,0.4464,0.3218,0.0000,-0.04522,-0.04277,-0.04874,-0.15472,0.13528,0.00317,8,1,HELD
25,G2,0.55,0.7213,0.6987,0.2787,6.707,4.787,0.4471,0.3225,0.0000,-0.04571,-0.04312,-0.04910,-0.15472,0.13528,0.00201,8,1,HELD
25,G2,0.80,0.1376,0.8125,0.2891,50.366,3.898,3.3577,0.4622,0.0000,-0.02106,0.00217,-0.04277,-0.15472,0.13528,0.02130,8,1,HELD
25,G2,0.80,0.0000,0.8660,0.3503,137.413,2.292,9.1608,0.0000,0.0000,-0.01846,0.08377,-0.03882,-0.15472,0.13528,0.07203,8,1,HELD
25,G2,0.80,0.6661,0.8625,0.3339,12.889,10.582,0.8593,0.5723,0.0000,-0.00693,0.03409,0.02259,-0.15472,0.13528,0.02102,8,1,HELD
25,G2,0.80,0.6593,0.8698,0.3407,9.301,7.080,0.6200,0.4088,0.0000,-0.01701,-0.00848,-0.01678,-0.15472,0.13528,0.04268,8,1,HELD
25,G2,0.80,0.6606,0.8696,0.3394,10.223,6.754,0.6815,0.4502,0.0000,-0.02628,-0.02213,-0.03125,-0.15472,0.13528,0.03219,8,1,HELD
25,G2,0.80,0.6747,0.8670,0.3253,4.594,4.420,0.3063,0.2066,0.0000,-0.03282,-0.02873,-0.03283,-0.15472,0.13528,0.02125,8,1,HELD
25,G2,0.80,0.6820,0.8658,0.3180,9.443,5.649,0.6295,0.4293,0.0000,-0.03743,-0.03506,-0.04349,-0.15472,0.13528,0.01558,8,1,HELD
25,G2,0.80,0.6849,0.8652,0.3151,2.020,3.255,0.1347,0.0922,0.0000,-0.04044,-0.03752,-0.03932,-0.15472,0.13528,0.00991,8,1,HELD
25,G2,0.80,0.6859,0.8651,0.3141,8.358,5.436,0.5572,0.3822,0.0000,-0.04236,-0.03909,-0.04655,-0.15472,0.13528,0.00637,8,1,HELD
25,G2,0.80,0.6866,0.8649,0.3134,1.367,3.074,0.0911,0.0626,0.0000,-0.04355,-0.04017,-0.04139,-0.15472,0.13528,0.00435,8,1,HELD
25,G2,0.80,0.6868,0.8649,0.3132,1.145,3.049,0.0763,0.0524,0.0000,-0.04429,-0.04077,-0.04179,-0.15472,0.13528,0.00303,8,1,HELD
25,G2,1.00,0.6860,0.9485,0.3140,7.513,6.582,0.5008,0.3436,0.0000,-0.03041,-0.01466,-0.02136,-0.15472,0.13528,0.00970,8,1,HELD
25,G2,1.00,0.2213,0.9673,0.5639,52.981,6.875,3.5321,0.7817,0.0000,-0.03357,-0.01116,-0.05843,-0.15472,0.13528,0.02807,8,1,HELD
25,G2,1.00,0.4134,0.9690,0.5866,17.158,6.848,1.1439,0.4729,0.0000,-0.03364,-0.02093,-0.03623,-0.15472,0.13528,0.00783,8,1,HELD
25,G2,1.00,0.4059,0.9696,0.5941,10.431,4.493,0.6954,0.2822,0.0000,-0.03516,-0.02289,-0.03219,-0.15472,0.13528,0.01867,8,1,HELD
25,G2,1.00,0.3963,0.9703,0.6037,15.391,6.099,1.0261,0.4066,0.0000,-0.03654,-0.02580,-0.03953,-0.15472,0.13528,0.01206,8,1,HELD
25,G2,1.00,0.3944,0.9704,0.6056,9.024,3.701,0.6016,0.2373,0.0000,-0.03768,-0.02735,-0.03540,-0.15472,0.13528,0.00690,8,1,HELD
25,G2,1.00,0.3984,0.9701,0.6016,15.021,5.980,1.0014,0.3989,0.0000,-0.03846,-0.02807,-0.04147,-0.15472,0.13528,0.01023,8,1,HELD
25,G2,1.00,0.3997,0.9700,0.6003,8.624,3.660,0.5749,0.2298,0.0000,-0.03897,-0.02862,-0.03631,-0.15472,0.13528,0.00268,8,1,HELD
25,G2,1.00,0.3960,0.9703,0.6040,14.983,5.927,0.9989,0.3956,0.0000,-0.03929,-0.02880,-0.04216,-0.15472,0.13528,0.00524,8,1,HELD
25,G2,1.00,0.3945,0.9704,0.6055,8.737,3.630,0.5825,0.2298,0.0000,-0.03947,-0.02892,-0.03672,-0.15472,0.13528,0.00381,8,1,HELD
25,G2,1.00,0.3966,0.9703,0.6034,8.852,3.630,0.5901,0.2340,0.0000,-0.03957,-0.02891,-0.03681,-0.15472,0.13528,0.00066,8,1,HELD
25,G2+raw,0.55,0.0598,0.6194,0.1987,24.032,1.438,1.6021,0.0958,1.0000,-0.04687,-0.03541,-0.05685,-0.15472,0.13528,0.01133,8,1,HELD
25,G2+raw,0.55,0.0000,0.6897,0.2801,121.910,0.000,8.1273,0.0000,1.0000,-0.03970,0.04180,-0.06696,-0.15472,0.13528,0.06731,8,1,HELD
25,G2+raw,0.55,0.7257,0.6929,0.2743,12.730,9.237,0.8486,0.6158,0.0000,-0.02716,0.00645,-0.00491,-0.15472,0.13528,0.00639,8,1,HELD
25,G2+raw,0.55,0.7071,0.7015,0.2929,4.792,5.387,0.3194,0.2259,0.0000,-0.03120,-0.02163,-0.02590,-0.15472,0.13528,0.01924,8,1,HELD
25,G2+raw,0.55,0.7046,0.7022,0.2954,12.948,6.647,0.8632,0.6082,0.0881,-0.03556,-0.02979,-0.04134,-0.15472,0.13528,0.01591,8,1,HELD
25,G2+raw,0.55,0.7130,0.7007,0.2870,3.324,3.004,0.2216,0.1580,0.0000,-0.03889,-0.03506,-0.03802,-0.15472,0.13528,0.01280,8,1,HELD
25,G2+raw,0.55,0.7178,0.6997,0.2822,9.269,4.968,0.6179,0.4436,0.0000,-0.04146,-0.03831,-0.04658,-0.15472,0.13528,0.01002,8,1,HELD
25,G2+raw,0.55,0.7199,0.6992,0.2801,1.641,2.677,0.1094,0.0787,0.0000,-0.04306,-0.03950,-0.04096,-0.15472,0.13528,0.00732,8,1,HELD
25,G2+raw,0.55,0.7202,0.6990,0.2798,6.793,4.892,0.4529,0.3262,0.0000,-0.04416,-0.04133,-0.04739,-0.15472,0.13528,0.00534,8,1,HELD
25,G2+raw,0.55,0.7207,0.6988,0.2793,0.036,2.556,0.0024,0.0017,0.0000,-0.04499,-0.04232,-0.04235,-0.15472,0.13528,0.00331,8,1,HELD
25,G2+raw,0.55,0.7213,0.6987,0.2787,-0.102,2.496,0.0068,0.0049,0.0000,-0.04555,-0.04293,-0.04284,-0.15472,0.13528,0.00227,8,1,HELD
25,G2+raw,0.80,0.2946,0.8130,0.2926,15.675,4.618,1.0450,0.3078,1.0000,-0.03103,-0.02120,-0.03518,-0.15472,0.13528,0.01925,8,1,HELD
25,G2+raw,0.80,0.3637,0.8622,0.3406,89.269,13.751,5.9513,2.1645,1.0000,-0.02937,0.04475,-0.03489,-0.15472,0.13528,0.05629,8,1,HELD
25,G2+raw,0.80,0.6660,0.8667,0.3340,13.336,8.487,0.8891,0.5922,0.2604,-0.02622,-0.00849,-0.02039,-0.15472,0.13528,0.01643,8,1,HELD
25,G2+raw,0.80,0.6701,0.8679,0.3299,8.165,5.471,0.5443,0.3647,0.0000,-0.03122,-0.02389,-0.03118,-0.15472,0.13528,0.02076,8,1,HELD
25,G2+raw,0.80,0.6765,0.8669,0.3235,11.333,5.932,0.7555,0.5111,0.0000,-0.03574,-0.03132,-0.04143,-0.15472,0.13528,0.01632,8,1,HELD
25,G2+raw,0.80,0.6821,0.8658,0.3179,1.843,3.491,0.1229,0.0838,0.0000,-0.03905,-0.03582,-0.03746,-0.15472,0.13528,0.01191,8,1,HELD
25,G2+raw,0.80,0.6848,0.8653,0.3152,8.171,5.596,0.5447,0.3730,0.0000,-0.04135,-0.03794,-0.04523,-0.15472,0.13528,0.00781,8,1,HELD
25,G2+raw,0.80,0.6864,0.8650,0.3136,1.817,3.181,0.1211,0.0831,0.0000,-0.04282,-0.03899,-0.04061,-0.15472,0.13528,0.00488,8,1,HELD
25,G2+raw,0.80,0.6866,0.8649,0.3134,7.845,5.387,0.5230,0.3591,0.0000,-0.04379,-0.04022,-0.04722,-0.15472,0.13528,0.00373,8,1,HELD
25,G2+raw,0.80,0.6869,0.8649,0.3131,1.186,3.074,0.0791,0.0543,0.0000,-0.04443,-0.04077,-0.04183,-0.15472,0.13528,0.00277,8,1,HELD
25,G2+raw,0.80,0.6869,0.8649,0.3131,1.157,3.033,0.0772,0.0530,0.0000,-0.04484,-0.04114,-0.04217,-0.15472,0.13528,0.00211,8,1,HELD
25,G2+raw,1.00,0.6719,0.9496,0.3281,9.242,6.210,0.6162,0.4140,0.0000,-0.03782,-0.02120,-0.02944,-0.15472,0.13528,0.00438,8,1,HELD
25,G2+raw,1.00,0.0584,0.9676,0.5685,66.831,3.902,4.4554,0.2602,1.0000,-0.03706,-0.00468,-0.06430,-0.15472,0.13528,0.03533,8,1,HELD
25,G2+raw,1.00,0.4169,0.9687,0.5831,10.421,4.558,0.6948,0.2896,0.0000,-0.03399,-0.01730,-0.02660,-0.15472,0.13528,0.00810,8,1,HELD
25,G2+raw,1.00,0.4093,0.9693,0.5907,15.282,6.255,1.0188,0.4170,1.0000,-0.03536,-0.02412,-0.03775,-0.15472,0.13528,0.01686,8,1,HELD
25,G2+raw,1.00,0.3991,0.9701,0.6009,8.829,3.751,0.5886,0.2349,0.0000,-0.03691,-0.02674,-0.03462,-0.15472,0.13528,0.01405,8,1,HELD
25,G2+raw,1.00,0.3963,0.9703,0.6037,15.043,5.941,1.0029,0.3974,1.0000,-0.03802,-0.02790,-0.04132,-0.15472,0.13528,0.00494,8,1,HELD
25,G2+raw,1.00,0.4001,0.9700,0.5999,8.480,3.639,0.5654,0.2262,0.0000,-0.03875,-0.02862,-0.03618,-0.15472,0.13528,0.01032,8,1,HELD
25,G2+raw,1.00,0.4020,0.9699,0.5980,14.705,5.911,0.9803,0.3941,0.8689,-0.03922,-0.02902,-0.04214,-0.15472,0.13528,0.00376,8,1,HELD
25,G2+raw,1.00,0.3988,0.9701,0.6012,8.339,3.599,0.5559,0.2217,0.0000,-0.03952,-0.02932,-0.03676,-0.15472,0.13528,0.00460,8,1,HELD
25,G2+raw,1.00,0.3965,0.9703,0.6035,14.833,5.879,0.9888,0.3921,0.9256,-0.03969,-0.02933,-0.04256,-0.15472,0.13528,0.00427,8,1,HELD
25,G2+raw,1.00,0.3982,0.9701,0.6018,14.919,5.879,0.9946,0.3961,0.9641,-0.03978,-0.02934,-0.04265,-0.15472,0.13528,0.00036,8,1,HELD
25,G2+raw+gain,0.55,0.0532,0.6196,0.1994,18.498,0.984,1.2332,0.0656,1.0000,-0.04540,-0.02674,-0.05782,-0.15472,0.13528,0.01495,8,1,HELD
25,G2+raw+gain,0.55,0.0000,0.6878,0.2770,73.581,0.000,4.9054,0.0000,1.0000,-0.03636,0.05945,-0.06421,-0.15472,0.13528,0.07582,8,1,HELD
25,G2+raw+gain,0.55,0.7326,0.6880,0.2674,12.481,9.144,0.8321,0.6096,0.0000,-0.02156,0.02773,0.00676,-0.15472,0.13528,0.00758,8,1,HELD
25,G2+raw+gain,0.55,0.6419,0.6990,0.2889,14.418,8.831,0.9612,0.6170,0.7413,-0.02493,0.00150,-0.02273,-0.15472,0.13528,0.01297,8,1,HELD
25,G2+raw+gain,0.55,0.7020,0.7026,0.2980,9.587,6.730,0.6391,0.4486,0.0000,-0.02941,-0.01567,-0.03179,-0.15472,0.13528,0.01821,8,1,HELD
25,G2+raw+gain,0.55,0.7060,0.7019,0.2940,5.546,3.915,0.3697,0.2610,0.0000,-0.03346,-0.02313,-0.03245,-0.15472,0.13528,0.01527,8,1,HELD
25,G2+raw+gain,0.55,0.7123,0.7007,0.2877,7.815,5.567,0.5210,0.3711,0.0000,-0.03662,-0.02806,-0.04119,-0.15472,0.13528,0.01239,8,1,HELD
25,G2+raw+gain,0.55,0.7158,0.6999,0.2842,4.057,3.034,0.2705,0.1936,0.0000,-0.03891,-0.03067,-0.03748,-0.15472,0.13528,0.00909,8,1,HELD
25,G2+raw+gain,0.55,0.7171,0.6996,0.2829,7.299,5.234,0.4866,0.3489,0.0000,-0.04041,-0.03209,-0.04436,-0.15472,0.13528,0.00591,8,1,HELD
25,G2+raw+gain,0.55,0.7179,0.6993,0.2821,3.714,2.883,0.2476,0.1777,0.0000,-0.04137,-0.03284,-0.03908,-0.15472,0.13528,0.00350,8,1,HELD
25,G2+raw+gain,0.55,0.7183,0.6992,0.2817,3.639,2.847,0.2426,0.1742,0.0000,-0.04196,-0.03333,-0.03945,-0.15472,0.13528,0.00226,8,1,HELD
25,G2+raw+gain,0.80,0.5029,0.8122,0.2945,17.599,7.504,1.1732,0.5901,1.0000,-0.02602,-0.00096,-0.03053,-0.15472,0.13528,0.01141,8,1,HELD
25,G2+raw+gain,0.80,0.3601,0.8611,0.3410,56.999,13.751,3.7999,1.3684,1.0000,-0.02334,0.06441,-0.03138,-0.15472,0.13528,0.06241,8,1,HELD
25,G2+raw+gain,0.80,0.6682,0.8653,0.3318,13.209,8.827,0.8806,0.5884,0.2040,-0.01869,0.01113,-0.01107,-0.15472,0.13528,0.01479,8,1,HELD
25,G2+raw+gain,0.80,0.6649,0.8689,0.3351,8.419,5.597,0.5612,0.3731,0.0000,-0.02394,-0.00804,-0.02219,-0.15472,0.13528,0.02264,8,1,HELD
25,G2+raw+gain,0.80,0.6680,0.8684,0.3320,10.272,6.862,0.6848,0.4575,0.0000,-0.02886,-0.01605,-0.03331,-0.15472,0.13528,0.01778,8,1,HELD
25,G2+raw+gain,0.80,0.6756,0.8670,0.3244,6.028,4.081,0.4018,0.2715,0.0000,-0.03264,-0.02158,-0.03171,-0.15472,0.13528,0.01334,8,1,HELD
25,G2+raw+gain,0.80,0.6797,0.8662,0.3203,8.844,6.011,0.5896,0.4007,0.0000,-0.03540,-0.02486,-0.03973,-0.15472,0.13528,0.00933,8,1,HELD
25,G2+raw+gain,0.80,0.6817,0.8659,0.3183,5.250,3.624,0.3500,0.2386,0.0000,-0.03725,-0.02661,-0.03543,-0.15472,0.13528,0.00614,8,1,HELD
25,G2+raw+gain,0.80,0.6823,0.8658,0.3177,8.568,5.846,0.5712,0.3897,0.0000,-0.03843,-0.02763,-0.04203,-0.15472,0.13528,0.00415,8,1,HELD
25,G2+raw+gain,0.80,0.6826,0.8657,0.3174,5.051,3.507,0.3368,0.2299,0.0000,-0.03918,-0.02828,-0.03677,-0.15472,0.13528,0.00296,8,1,HELD
25,G2+raw+gain,0.80,0.6826,0.8657,0.3174,5.000,3.475,0.3333,0.2275,0.0000,-0.03964,-0.02871,-0.03711,-0.15472,0.13528,0.00217,8,1,HELD
25,G2+raw+gain,1.00,0.6755,0.9493,0.3245,10.818,7.307,0.7212,0.4871,0.0000,-0.03092,-0.00285,-0.02103,-0.15472,0.13528,0.00759,8,1,HELD
25,G2+raw+gain,1.00,0.2254,0.9672,0.5630,31.067,7.004,2.0711,0.4669,1.0000,-0.03082,0.00305,-0.04916,-0.15472,0.13528,0.03178,8,1,HELD
25,G2+raw+gain,1.00,0.4192,0.9686,0.5808,15.781,6.616,1.0520,0.4410,1.0000,-0.02897,-0.00390,-0.03042,-0.15472,0.13528,0.00444,8,1,HELD
25,G2+raw+gain,1.00,0.4107,0.9692,0.5893,12.592,5.171,0.8395,0.3448,0.0000,-0.02883,-0.00457,-0.02573,-0.15472,0.13528,0.01782,8,1,HELD
25,G2+raw+gain,1.00,0.4015,0.9699,0.5985,15.975,6.414,1.0650,0.4276,1.0000,-0.02887,-0.00483,-0.03168,-0.15472,0.13528,0.01164,8,1,HELD
25,G2+raw+gain,1.00,0.3983,0.9701,0.6017,12.661,5.043,0.8441,0.3362,0.0000,-0.02895,-0.00515,-0.02643,-0.15472,0.13528,0.00513,8,1,HELD
25,G2+raw+gain,1.00,0.4040,0.9697,0.5960,16.204,6.547,1.0803,0.4365,1.0000,-0.02898,-0.00476,-0.03199,-0.15472,0.13528,0.01020,8,1,HELD
25,G2+raw+gain,1.00,0.4054,0.9696,0.5946,12.959,5.253,0.8639,0.3502,0.0927,-0.02889,-0.00443,-0.02621,-0.15472,0.13528,0.00227,8,1,HELD
25,G2+raw+gain,1.00,0.4027,0.9698,0.5973,16.377,6.595,1.0918,0.4396,1.0000,-0.02878,-0.00410,-0.03162,-0.15472,0.13528,0.00540,8,1,HELD
25,G2+raw+gain,1.00,0.4002,0.9700,0.5998,13.122,5.252,0.8748,0.3501,0.1652,-0.02867,-0.00396,-0.02602,-0.15472,0.13528,0.00395,8,1,HELD
25,G2+raw+gain,1.00,0.4024,0.9698,0.5976,13.092,5.268,0.8728,0.3512,0.1520,-0.02859,-0.00389,-0.02589,-0.15472,0.13528,0.00072,8,1,HELD
