tick,hip_left_deg,hip_right_deg,physx_contact,physx_impulse,left_overlap,left_penetration_m,left_surface_gap_m,right_overlap,right_penetration_m,right_surface_gap_m,contact_offset_sum_m,hip_track_err_deg
0,0.08,0.00,0,0.000,0,0.00000,0.06986,0,0.00000,0.07177,0.0200,0.31
1,0.29,0.19,0,0.000,0,0.00000,0.06988,0,0.00000,0.07178,0.0200,0.84
2,0.48,0.38,0,0.000,0,0.00000,0.06991,0,0.00000,0.07181,0.0200,1.34
3,0.63,0.52,0,0.000,0,0.00000,0.06992,0,0.00000,0.07182,0.0200,1.81
4,0.74,0.63,0,0.000,0,0.00000,0.06994,0,0.00000,0.07184,0.0200,2.24
5,0.82,0.71,0,0.000,0,0.00000,0.06995,0,0.00000,0.07183,0.0200,2.62
6,0.86,0.75,0,0.000,0,0.00000,0.06994,0,0.00000,0.07182,0.0200,3.01
7,0.87,0.76,0,0.000,0,0.00000,0.06995,0,0.00000,0.07183,0.0200,3.35
8,0.86,0.74,0,0.000,0,0.00000,0.06995,0,0.00000,0.07183,0.0200,3.67
9,0.82,0.71,0,0.000,0,0.00000,0.06994,0,0.00000,0.07182,0.0200,3.96
10,0.75,0.65,0,0.000,0,0.00000,0.06994,0,0.00000,0.07182,0.0200,4.24
11,0.67,0.57,0,0.000,0,0.00000,0.06992,0,0.00000,0.07180,0.0200,4.49
12,0.56,0.46,0,0.000,0,0.00000,0.06992,0,0.00000,0.07179,0.0200,4.72
13,0.44,0.34,0,0.000,0,0.00000,0.06989,0,0.00000,0.07177,0.0200,4.94
14,0.29,0.19,0,0.000,0,0.00000,0.06988,0,0.00000,0.07176,0.0200,5.14
15,0.13,0.00,0,0.000,0,0.00000,0.06986,0,0.00000,0.07175,0.0200,5.32
16,0.00,0.14,0,0.000,0,0.00000,0.06984,0,0.00000,0.07173,0.0200,5.49
17,0.22,0.32,0,0.000,0,0.00000,0.06982,0,0.00000,0.07172,0.0200,5.65
18,0.43,0.52,0,0.000,0,0.00000,0.06979,0,0.00000,0.07169,0.0200,5.80
19,0.64,0.74,0,0.000,0,0.00000,0.06977,0,0.00000,0.07168,0.0200,5.93
20,0.87,0.96,0,0.000,0,0.00000,0.06974,0,0.00000,0.07165,0.0200,6.05
21,1.11,1.20,0,0.000,0,0.00000,0.06971,0,0.00000,0.07163,0.0200,6.17
22,1.35,1.44,0,0.000,0,0.00000,0.06967,0,0.00000,0.07159,0.0200,6.27
23,1.61,1.70,0,0.000,0,0.00000,0.06964,0,0.00000,0.07157,0.0200,6.36
24,1.88,1.97,0,0.000,0,0.00000,0.06959,0,0.00000,0.07153,0.0200,6.45
25,2.15,2.24,0,0.000,0,0.00000,0.06955,0,0.00000,0.07150,0.0200,6.53
26,2.44,2.53,0,0.000,0,0.00000,0.06950,0,0.00000,0.07145,0.0200,6.60
27,2.73,2.82,0,0.000,0,0.00000,0.06946,0,0.00000,0.07142,0.0200,6.67
28,3.02,3.11,0,0.000,0,0.00000,0.06940,0,0.00000,0.07137,0.0200,6.73
29,3.32,3.42,0,0.000,0,0.00000,0.06934,0,0.00000,0.07131,0.0200,6.79
30,3.64,3.73,0,0.000,0,0.00000,0.06928,0,0.00000,0.07126,0.0200,6.83
31,3.95,4.04,0,0.000,0,0.00000,0.06920,0,0.00000,0.07119,0.0200,6.88
32,4.27,4.37,0,0.000,0,0.00000,0.06914,0,0.00000,0.07113,0.0200,6.92
33,4.60,4.70,0,0.000,0,0.00000,0.06905,0,0.00000,0.07104,0.0200,6.95
34,4.93,5.03,0,0.000,0,0.00000,0.06897,0,0.00000,0.07097,0.0200,6.98
35,5.27,5.37,0,0.000,0,0.00000,0.06887,0,0.00000,0.07088,0.0200,7.01
36,5.61,5.71,0,0.000,0,0.00000,0.06878,0,0.00000,0.07080,0.0200,7.02
37,5.96,6.06,0,0.000,0,0.00000,0.06868,0,0.00000,0.07069,0.0200,7.05
38,6.30,6.41,0,0.000,0,0.00000,0.06857,0,0.00000,0.07060,0.0200,7.06
39,6.66,6.77,0,0.000,0,0.00000,0.06845,0,0.00000,0.07047,0.0200,7.07
40,7.01,7.13,0,0.000,0,0.00000,0.06834,0,0.00000,0.07037,0.0200,7.08
41,7.37,7.49,0,0.000,0,0.00000,0.06820,0,0.00000,0.07023,0.0200,7.09
42,7.73,7.85,0,0.000,0,0.00000,0.06808,0,0.00000,0.07011,0.0200,7.09
43,8.10,8.22,0,0.000,0,0.00000,0.06793,0,0.00000,0.06996,0.0200,7.09
44,8.47,8.59,0,0.000,0,0.00000,0.06779,0,0.00000,0.06983,0.0200,7.09
45,8.83,8.96,0,0.000,0,0.00000,0.06763,0,0.00000,0.06966,0.0200,7.09
46,9.21,9.34,0,0.000,0,0.00000,0.06747,0,0.00000,0.06951,0.0200,7.08
47,9.58,9.71,0,0.000,0,0.00000,0.06730,0,0.00000,0.06933,0.0200,7.08
48,9.96,10.09,0,0.000,0,0.00000,0.06713,0,0.00000,0.06917,0.0200,7.07
49,10.33,10.47,0,0.000,0,0.00000,0.06694,0,0.00000,0.06898,0.0200,7.06
50,10.71,10.86,0,0.000,0,0.00000,0.06676,0,0.00000,0.06880,0.0200,7.05
51,11.09,11.24,0,0.000,0,0.00000,0.06655,0,0.00000,0.06859,0.0200,7.04
52,11.48,11.63,0,0.000,0,0.00000,0.06635,0,0.00000,0.06839,0.0200,7.03
53,11.86,12.02,0,0.000,0,0.00000,0.06614,0,0.00000,0.06817,0.0200,7.02
54,12.25,12.41,0,0.000,0,0.00000,0.06593,0,0.00000,0.06796,0.0200,7.00
55,12.63,12.80,0,0.000,0,0.00000,0.06569,0,0.00000,0.06772,0.0200,6.98
56,13.02,13.19,0,0.000,0,0.00000,0.06547,0,0.00000,0.06750,0.0200,6.96
57,13.41,13.58,0,0.000,0,0.00000,0.06522,0,0.00000,0.06724,0.0200,6.95
58,13.80,13.98,0,0.000,0,0.00000,0.06498,0,0.00000,0.06700,0.0200,6.93
59,14.19,14.37,0,0.000,0,0.00000,0.06472,0,0.00000,0.06674,0.0200,6.91
60,14.59,14.77,0,0.000,0,0.00000,0.06447,0,0.00000,0.06648,0.0200,6.89
61,14.98,15.17,0,0.000,0,0.00000,0.06420,0,0.00000,0.06620,0.0200,6.87
62,15.38,15.57,0,0.000,0,0.00000,0.06393,0,0.00000,0.06593,0.0200,6.84
63,15.77,15.96,0,0.000,0,0.00000,0.06364,0,0.00000,0.06563,0.0200,6.82
64,16.17,16.37,0,0.000,0,0.00000,0.06336,0,0.00000,0.06535,0.0200,6.79
65,16.57,16.76,0,0.000,0,0.00000,0.06306,0,0.00000,0.06503,0.0200,6.77
66,16.96,17.17,0,0.000,0,0.00000,0.06276,0,0.00000,0.06473,0.0200,6.74
67,17.36,17.57,0,0.000,0,0.00000,0.06245,0,0.00000,0.06441,0.0200,6.71
68,17.76,17.97,0,0.000,0,0.00000,0.06214,0,0.00000,0.06409,0.0200,6.68
69,18.16,18.37,0,0.000,0,0.00000,0.06181,0,0.00000,0.06375,0.0200,6.66
70,18.56,18.78,0,0.000,0,0.00000,0.06149,0,0.00000,0.06343,0.0200,6.63
71,18.96,19.18,0,0.000,0,0.00000,0.06115,0,0.00000,0.06307,0.0200,6.60
72,19.36,19.59,0,0.000,0,0.00000,0.06081,0,0.00000,0.06273,0.0200,6.57
73,19.76,19.99,0,0.000,0,0.00000,0.06046,0,0.00000,0.06236,0.0200,6.54
74,20.17,20.40,0,0.000,0,0.00000,0.06011,0,0.00000,0.06201,0.0200,6.50
75,20.57,20.80,0,0.000,0,0.00000,0.05974,0,0.00000,0.06163,0.0200,6.47
76,20.97,21.21,0,0.000,0,0.00000,0.05938,0,0.00000,0.06126,0.0200,6.44
77,21.37,21.62,0,0.000,0,0.00000,0.05900,0,0.00000,0.06087,0.0200,6.41
78,21.78,22.02,0,0.000,0,0.00000,0.05863,0,0.00000,0.06049,0.0200,6.37
79,22.18,22.43,0,0.000,0,0.00000,0.05824,0,0.00000,0.06008,0.0200,6.34
80,22.58,22.84,0,0.000,0,0.00000,0.05786,0,0.00000,0.05969,0.0200,6.30
81,22.98,23.24,0,0.000,0,0.00000,0.05745,0,0.00000,0.05927,0.0200,6.26
82,23.39,23.65,0,0.000,0,0.00000,0.05706,0,0.00000,0.05887,0.0200,6.22
83,23.79,24.06,0,0.000,0,0.00000,0.05665,0,0.00000,0.05845,0.0200,6.20
84,24.19,24.46,0,0.000,0,0.00000,0.05625,0,0.00000,0.05804,0.0200,6.18
85,24.58,24.86,0,0.000,0,0.00000,0.05583,0,0.00000,0.05760,0.0200,6.16
86,24.98,25.26,0,0.000,0,0.00000,0.05543,0,0.00000,0.05719,0.0200,6.14
87,25.36,25.64,0,0.000,0,0.00000,0.05501,0,0.00000,0.05675,0.0200,6.16
88,25.75,26.04,0,0.000,0,0.00000,0.05460,0,0.00000,0.05633,0.0200,6.16
89,26.14,26.43,0,0.000,0,0.00000,0.05417,0,0.00000,0.05589,0.0200,6.17
90,26.52,26.81,0,0.000,0,0.00000,0.05376,0,0.00000,0.05547,0.0200,6.21
91,26.90,27.20,0,0.000,0,0.00000,0.05333,0,0.00000,0.05502,0.0200,6.25
92,27.29,27.59,0,0.000,0,0.00000,0.05290,0,0.00000,0.05458,0.0200,6.27
93,27.67,27.98,0,0.000,0,0.00000,0.05246,0,0.00000,0.05412,0.0200,6.31
94,28.06,28.37,0,0.000,0,0.00000,0.05203,0,0.00000,0.05368,0.0200,6.36
95,28.44,28.76,0,0.000,0,0.00000,0.05158,0,0.00000,0.05322,0.0200,6.41
96,28.84,29.15,0,0.000,0,0.00000,0.05115,0,0.00000,0.05277,0.0200,6.45
97,29.22,29.54,0,0.000,0,0.00000,0.05069,0,0.00000,0.05228,0.0200,6.52
98,29.62,29.94,0,0.000,0,0.00000,0.05023,0,0.00000,0.05181,0.0200,6.57
99,30.01,30.34,0,0.000,0,0.00000,0.04975,0,0.00000,0.05131,0.0200,6.62
100,30.41,30.74,0,0.000,0,0.00000,0.04929,0,0.00000,0.05083,0.0200,6.68
101,30.82,31.15,0,0.000,0,0.00000,0.04880,0,0.00000,0.05033,0.0200,6.75
102,31.23,31.56,0,0.000,0,0.00000,0.04832,0,0.00000,0.04983,0.0200,6.80
103,31.64,31.98,0,0.000,0,0.00000,0.04782,0,0.00000,0.04931,0.0200,6.86
104,32.05,32.39,0,0.000,0,0.00000,0.04732,0,0.00000,0.04880,0.0200,6.92
105,32.47,32.81,0,0.000,0,0.00000,0.04681,0,0.00000,0.04826,0.0200,6.98
106,32.90,33.24,0,0.000,0,0.00000,0.04630,0,0.00000,0.04773,0.0200,7.03
107,33.32,33.67,0,0.000,0,0.00000,0.04576,0,0.00000,0.04717,0.0200,7.10
108,33.75,34.10,0,0.000,0,0.00000,0.04523,0,0.00000,0.04662,0.0200,7.15
109,34.19,34.54,0,0.000,0,0.00000,0.04467,0,0.00000,0.04604,0.0200,7.20
110,34.63,34.99,0,0.000,0,0.00000,0.04412,0,0.00000,0.04548,0.0200,7.26
111,35.08,35.43,0,0.000,0,0.00000,0.04357,0,0.00000,0.04491,0.0200,7.31
112,35.52,35.88,0,0.000,0,0.00000,0.04298,0,0.00000,0.04430,0.0200,7.37
113,35.98,36.34,0,0.000,0,0.00000,0.04241,0,0.00000,0.04370,0.0200,7.41
114,36.44,36.80,0,0.000,0,0.00000,0.04180,0,0.00000,0.04307,0.0200,7.46
115,36.90,37.27,0,0.000,0,0.00000,0.04120,0,0.00000,0.04245,0.0200,7.50
116,37.37,37.74,0,0.000,0,0.00000,0.04059,0,0.00000,0.04183,0.0200,7.54
117,37.84,38.21,0,0.000,0,0.00000,0.03996,0,0.00000,0.04117,0.0200,7.58
118,38.32,38.69,0,0.000,0,0.00000,0.03933,0,0.00000,0.04053,0.0200,7.62
119,38.80,39.17,0,0.000,0,0.00000,0.03869,0,0.00000,0.03987,0.0200,7.65
120,39.28,39.66,0,0.000,0,0.00000,0.03803,0,0.00000,0.03919,0.0200,7.68
121,39.77,40.15,0,0.000,0,0.00000,0.03738,0,0.00000,0.03852,0.0200,7.71
122,40.26,40.64,0,0.000,0,0.00000,0.03670,0,0.00000,0.03781,0.0200,7.74
123,40.76,41.14,0,0.000,0,0.00000,0.03602,0,0.00000,0.03711,0.0200,7.76
124,41.26,41.64,0,0.000,0,0.00000,0.03531,0,0.00000,0.03639,0.0200,7.79
125,41.77,42.15,0,0.000,0,0.00000,0.03462,0,0.00000,0.03567,0.0200,7.80
126,42.27,42.66,0,0.000,0,0.00000,0.03390,0,0.00000,0.03493,0.0200,7.82
127,42.78,43.17,0,0.000,0,0.00000,0.03318,0,0.00000,0.03420,0.0200,7.83
128,43.30,43.68,0,0.000,0,0.00000,0.03244,0,0.00000,0.03344,0.0200,7.84
129,43.82,44.20,0,0.000,0,0.00000,0.03171,0,0.00000,0.03269,0.0200,7.85
130,44.33,44.72,0,0.000,0,0.00000,0.03097,0,0.00000,0.03192,0.0200,7.86
131,44.86,45.25,0,0.000,0,0.00000,0.03023,0,0.00000,0.03116,0.0200,7.86
132,45.38,45.77,0,0.000,0,0.00000,0.02945,0,0.00000,0.03037,0.0200,7.86
133,45.91,46.30,0,0.000,0,0.00000,0.02869,0,0.00000,0.02958,0.0200,7.86
134,46.44,46.83,0,0.000,0,0.00000,0.02789,0,0.00000,0.02876,0.0200,7.85
135,46.97,47.37,0,0.000,0,0.00000,0.02710,0,0.00000,0.02795,0.0200,7.84
136,47.51,47.91,0,0.000,0,0.00000,0.02629,0,0.00000,0.02712,0.0200,7.83
137,48.05,48.45,0,0.000,0,0.00000,0.02549,0,0.00000,0.02630,0.0200,7.81
138,48.59,48.99,0,0.000,0,0.00000,0.02470,0,0.00000,0.02549,0.0200,7.79
139,49.13,49.52,0,0.000,0,0.00000,0.02388,0,0.00000,0.02465,0.0200,7.78
140,49.67,50.07,0,0.000,0,0.00000,0.02306,0,0.00000,0.02382,0.0200,7.75
141,50.21,50.61,0,0.000,0,0.00000,0.02222,0,0.00000,0.02295,0.0200,7.73
142,50.76,51.16,0,0.000,0,0.00000,0.02138,0,0.00000,0.02209,0.0200,7.70
143,51.31,51.71,0,0.000,0,0.00000,0.02053,0,0.00000,0.02122,0.0200,7.67
144,51.86,52.27,0,0.000,0,0.00000,0.01968,0,0.00000,0.02036,0.0200,7.63
145,52.41,52.81,0,0.000,0,0.00000,0.01882,0,0.00000,0.01947,0.0200,7.59
146,52.96,53.37,1,0.000,0,0.00000,0.01797,0,0.00000,0.01861,0.0200,7.55
147,53.51,53.92,1,0.000,0,0.00000,0.01711,0,0.00000,0.01772,0.0200,7.51
148,54.07,54.47,1,0.000,0,0.00000,0.01626,0,0.00000,0.01685,0.0200,7.46
149,54.61,55.02,1,0.000,0,0.00000,0.01538,0,0.00000,0.01596,0.0200,7.42
150,55.17,55.58,1,0.000,0,0.00000,0.01451,0,0.00000,0.01507,0.0200,7.37
151,55.72,56.13,1,0.000,0,0.00000,0.01362,0,0.00000,0.01415,0.0200,7.31
152,56.28,56.69,1,0.000,0,0.00000,0.01274,0,0.00000,0.01325,0.0200,7.25
153,56.83,57.24,1,0.000,0,0.00000,0.01184,0,0.00000,0.01233,0.0200,7.19
154,57.39,57.80,1,0.000,0,0.00000,0.01095,0,0.00000,0.01143,0.0200,7.12
155,57.94,58.35,1,0.000,0,0.00000,0.01005,0,0.00000,0.01051,0.0200,7.06
156,58.50,58.91,1,0.000,0,0.00000,0.00916,0,0.00000,0.00960,0.0200,6.99
157,59.05,59.46,1,0.000,0,0.00000,0.00830,0,0.00000,0.00872,0.0200,6.91
158,59.60,60.00,1,0.000,0,0.00000,0.00740,0,0.00000,0.00781,0.0200,6.85
159,60.15,60.56,1,0.000,0,0.00000,0.00652,0,0.00000,0.00690,0.0200,6.77
160,60.69,61.10,1,0.000,0,0.00000,0.00560,0,0.00000,0.00597,0.0200,6.69
161,61.24,61.66,1,0.000,0,0.00000,0.00471,0,0.00000,0.00505,0.0200,6.60
162,61.79,62.20,1,0.000,0,0.00000,0.00379,0,0.00000,0.00413,0.0200,6.52
163,62.34,62.75,1,0.000,0,0.00000,0.00290,0,0.00000,0.00322,0.0200,6.43
164,62.88,63.30,1,0.000,0,0.00000,0.00199,0,0.00000,0.00229,0.0200,6.34
165,63.43,63.84,1,0.000,0,0.00000,0.00110,0,0.00000,0.00139,0.0200,6.24
166,63.97,64.38,1,0.223,0,0.00000,0.00023,0,0.00000,0.00048,0.0200,6.15
167,64.51,64.92,1,2.705,1,0.00029,0.00000,1,0.00026,0.00000,0.0200,6.04
168,64.97,65.36,1,4.094,1,0.00067,0.00000,1,0.00058,0.00000,0.0200,6.03
169,65.35,65.72,1,5.227,1,0.00097,0.00000,1,0.00079,0.00000,0.0200,6.11
170,65.66,65.99,1,6.076,1,0.00120,0.00000,1,0.00092,0.00000,0.0200,6.25
171,65.94,66.22,1,6.502,1,0.00134,0.00000,1,0.00102,0.00000,0.0200,6.44
172,66.18,66.40,1,6.688,1,0.00144,0.00000,1,0.00110,0.00000,0.0200,6.69
173,66.40,66.55,1,6.724,1,0.00149,0.00000,1,0.00115,0.00000,0.0200,6.94
174,66.60,66.69,1,6.655,1,0.00153,0.00000,1,0.00120,0.00000,0.0200,7.21
175,66.79,66.81,1,6.509,1,0.00154,0.00000,1,0.00124,0.00000,0.0200,7.49
176,66.97,66.92,1,6.335,1,0.00155,0.00000,1,0.00127,0.00000,0.0200,7.78
177,67.15,67.03,1,6.186,1,0.00155,0.00000,1,0.00131,0.00000,0.0200,8.05
178,67.33,67.13,1,6.076,1,0.00156,0.00000,1,0.00135,0.00000,0.0200,8.33
179,67.50,67.23,1,6.021,1,0.00158,0.00000,1,0.00139,0.00000,0.0200,8.62
180,67.67,67.33,1,6.039,1,0.00161,0.00000,1,0.00143,0.00000,0.0200,8.88
181,67.84,67.44,1,6.146,1,0.00166,0.00000,1,0.00149,0.00000,0.0200,9.14
182,68.01,67.55,1,6.297,1,0.00171,0.00000,1,0.00154,0.00000,0.0200,9.40
183,68.18,67.66,1,6.494,1,0.00178,0.00000,1,0.00162,0.00000,0.0200,9.62
184,68.38,67.79,1,6.697,1,0.00184,0.00000,1,0.00168,0.00000,0.0200,9.79
185,68.56,67.91,1,6.855,1,0.00190,0.00000,1,0.00174,0.00000,0.0200,9.98
186,68.73,68.01,1,7.079,1,0.00198,0.00000,1,0.00181,0.00000,0.0200,10.15
187,68.94,68.15,1,7.329,1,0.00204,0.00000,1,0.00187,0.00000,0.0200,10.22
188,69.13,68.28,1,7.431,1,0.00207,0.00000,1,0.00192,0.00000,0.0200,9.02
189,69.24,68.33,1,7.516,1,0.00214,0.00000,1,0.00198,0.00000,0.0200,10.22
190,69.42,68.45,1,7.701,1,0.00222,0.00000,1,0.00204,0.00000,0.0200,10.51
191,69.61,68.57,1,7.859,1,0.00225,0.00000,1,0.00208,0.00000,0.0200,9.18
192,69.71,68.62,1,7.889,1,0.00228,0.00000,1,0.00212,0.00000,0.0200,9.25
193,69.80,68.67,1,7.989,1,0.00215,0.00000,1,0.00211,0.00000,0.0200,10.46
194,69.94,68.76,1,8.561,1,0.00215,0.00000,1,0.00206,0.00000,0.0200,9.29
195,70.10,68.89,1,8.495,1,0.00218,0.00000,1,0.00206,0.00000,0.0200,9.29
196,70.25,69.00,1,8.506,1,0.00219,0.00000,1,0.00205,0.00000,0.0200,9.31
197,70.40,69.11,1,8.621,1,0.00222,0.00000,1,0.00206,0.00000,0.0200,9.31
198,70.54,69.22,1,8.691,1,0.00225,0.00000,1,0.00208,0.00000,0.0200,9.35
199,70.67,69.31,1,8.802,1,0.00228,0.00000,1,0.00209,0.00000,0.0200,9.42
200,70.80,69.40,1,9.059,1,0.00237,0.00000,1,0.00212,0.00000,0.0200,10.56
201,70.98,69.54,1,9.367,1,0.00243,0.00000,1,0.00213,0.00000,0.0200,10.52
202,71.13,69.65,1,9.407,1,0.00245,0.00000,1,0.00213,0.00000,0.0200,9.83
203,71.23,69.72,1,9.290,1,0.00246,0.00000,1,0.00210,0.00000,0.0200,9.91
204,71.30,69.77,1,9.313,1,0.00248,0.00000,1,0.00210,0.00000,0.0200,10.11
205,71.37,69.82,1,9.406,1,0.00249,0.00000,1,0.00216,0.00000,0.0200,10.28
206,71.45,69.87,1,9.451,1,0.00249,0.00000,1,0.00218,0.00000,0.0200,10.44
207,71.50,69.89,1,9.510,1,0.00251,0.00000,1,0.00219,0.00000,0.0200,10.64
208,71.56,69.92,1,9.558,1,0.00251,0.00000,1,0.00220,0.00000,0.0200,10.72
209,71.61,69.95,1,9.502,1,0.00250,0.00000,1,0.00221,0.00000,0.0200,10.81
210,71.63,69.94,1,9.421,1,0.00250,0.00000,1,0.00221,0.00000,0.0200,10.98
211,71.65,69.93,1,9.392,1,0.00250,0.00000,1,0.00221,0.00000,0.0200,11.16
212,71.68,69.93,1,9.423,1,0.00251,0.00000,1,0.00221,0.00000,0.0200,11.32
213,71.71,69.95,1,9.427,1,0.00250,0.00000,1,0.00222,0.00000,0.0200,11.51
214,71.72,69.95,1,9.372,1,0.00250,0.00000,1,0.00222,0.00000,0.0200,11.72
215,71.74,69.96,1,9.339,1,0.00250,0.00000,1,0.00223,0.00000,0.0200,11.94
216,71.77,69.97,1,9.323,1,0.00250,0.00000,1,0.00224,0.00000,0.0200,12.15
217,71.80,69.97,1,9.317,1,0.00250,0.00000,1,0.00225,0.00000,0.0200,12.39
218,71.84,69.98,1,9.350,1,0.00250,0.00000,1,0.00226,0.00000,0.0200,12.61
219,71.89,70.00,1,9.376,1,0.00251,0.00000,1,0.00228,0.00000,0.0200,12.83
220,71.94,70.01,1,9.409,1,0.00252,0.00000,1,0.00229,0.00000,0.0200,13.07
221,72.00,70.04,1,9.491,1,0.00254,0.00000,1,0.00231,0.00000,0.0200,13.30
222,72.07,70.07,1,9.581,1,0.00256,0.00000,1,0.00231,0.00000,0.0200,13.53
223,72.15,70.11,1,9.698,1,0.00259,0.00000,1,0.00236,0.00000,0.0200,13.76
224,72.22,70.14,1,9.779,1,0.00261,0.00000,1,0.00234,0.00000,0.0200,14.01
225,72.29,70.19,1,9.963,1,0.00265,0.00000,1,0.00242,0.00000,0.0200,14.23
226,72.37,70.22,1,10.035,1,0.00266,0.00000,1,0.00236,0.00000,0.0200,14.49
227,72.45,70.29,1,10.196,1,0.00265,0.00000,1,0.00207,0.00000,0.0200,14.71
228,72.56,70.48,1,10.478,1,0.00264,0.00000,1,0.00208,0.00000,0.0200,14.79
229,72.68,70.64,1,10.597,1,0.00277,0.00000,1,0.00215,0.00000,0.0200,14.94
230,72.80,70.73,1,10.897,1,0.00281,0.00000,1,0.00212,0.00000,0.0200,15.12
231,72.90,70.86,1,11.010,1,0.00288,0.00000,1,0.00224,0.00000,0.0200,15.29
232,73.00,70.91,1,11.127,1,0.00285,0.00000,1,0.00229,0.00000,0.0200,15.52
233,73.11,71.00,1,11.191,1,0.00292,0.00000,1,0.00230,0.00000,0.0200,15.75
234,73.22,71.07,1,11.427,1,0.00293,0.00000,1,0.00236,0.00000,0.0200,15.98
235,73.33,71.15,1,11.525,1,0.00298,0.00000,1,0.00236,0.00000,0.0200,16.23
236,73.44,71.22,1,11.719,1,0.00302,0.00000,1,0.00243,0.00000,0.0200,16.46
237,73.56,71.29,1,11.830,1,0.00306,0.00000,1,0.00248,0.00000,0.0200,16.71
238,73.67,71.35,1,11.980,1,0.00310,0.00000,1,0.00253,0.00000,0.0200,16.97
239,73.79,71.40,1,12.139,1,0.00315,0.00000,1,0.00257,0.00000,0.0200,17.24
240,73.90,71.45,1,12.291,1,0.00320,0.00000,1,0.00262,0.00000,0.0200,17.51
241,74.00,71.50,1,12.450,1,0.00324,0.00000,1,0.00266,0.00000,0.0200,17.78
242,74.11,71.55,1,12.616,1,0.00329,0.00000,1,0.00270,0.00000,0.0200,18.05
243,74.22,71.60,1,12.783,1,0.00333,0.00000,1,0.00274,0.00000,0.0200,18.33
244,74.32,71.65,1,12.951,1,0.00338,0.00000,1,0.00278,0.00000,0.0200,18.60
245,74.43,71.70,1,13.120,1,0.00342,0.00000,1,0.00282,0.00000,0.0200,18.87
246,74.53,71.75,1,13.293,1,0.00347,0.00000,1,0.00285,0.00000,0.0200,19.14
247,74.64,71.80,1,13.468,1,0.00351,0.00000,1,0.00289,0.00000,0.0200,19.41
248,74.74,71.86,1,13.641,1,0.00356,0.00000,1,0.00292,0.00000,0.0200,19.68
249,74.85,71.91,1,13.820,1,0.00360,0.00000,1,0.00296,0.00000,0.0200,19.94
250,74.96,71.97,1,14.000,1,0.00365,0.00000,1,0.00299,0.00000,0.0200,20.20
251,75.07,72.03,1,14.173,1,0.00370,0.00000,1,0.00303,0.00000,0.0200,20.46
252,75.17,72.09,1,14.341,1,0.00374,0.00000,1,0.00306,0.00000,0.0200,20.72
253,75.28,72.15,1,14.515,1,0.00379,0.00000,1,0.00310,0.00000,0.0200,20.97
254,75.39,72.21,1,14.688,1,0.00384,0.00000,1,0.00313,0.00000,0.0200,21.22
255,75.49,72.27,1,14.850,1,0.00388,0.00000,1,0.00317,0.00000,0.0200,21.47
256,75.60,72.33,1,15.019,1,0.00393,0.00000,1,0.00320,0.00000,0.0200,21.71
257,75.70,72.40,1,15.188,1,0.00397,0.00000,1,0.00324,0.00000,0.0200,21.95
258,75.81,72.46,1,15.345,1,0.00402,0.00000,1,0.00327,0.00000,0.0200,22.18
259,75.91,72.52,1,15.510,1,0.00406,0.00000,1,0.00331,0.00000,0.0200,22.42
260,76.02,72.59,1,15.676,1,0.00410,0.00000,1,0.00335,0.00000,0.0200,22.64
261,76.13,72.66,1,15.825,1,0.00414,0.00000,1,0.00338,0.00000,0.0200,22.86
262,76.24,72.72,1,15.968,1,0.00418,0.00000,1,0.00341,0.00000,0.0200,23.08
263,76.34,72.78,1,16.120,1,0.00423,0.00000,1,0.00345,0.00000,0.0200,23.30
264,76.45,72.85,1,16.273,1,0.00426,0.00000,1,0.00348,0.00000,0.0200,23.50
265,76.55,72.92,1,16.411,1,0.00430,0.00000,1,0.00351,0.00000,0.0200,23.71
266,76.65,72.98,1,16.562,1,0.00434,0.00000,1,0.00355,0.00000,0.0200,23.91
267,76.76,73.05,1,16.711,1,0.00438,0.00000,1,0.00359,0.00000,0.0200,24.10
268,76.87,73.12,1,16.841,1,0.00441,0.00000,1,0.00362,0.00000,0.0200,24.28
269,76.97,73.19,1,16.805,1,0.00419,0.00000,1,0.00358,0.00000,0.0200,24.48
270,77.08,73.21,1,17.990,1,0.00424,0.00000,1,0.00327,0.00000,0.0200,24.70
271,77.32,73.45,1,18.146,1,0.00429,0.00000,1,0.00333,0.00000,0.0200,24.67
272,77.52,73.58,1,18.135,1,0.00427,0.00000,1,0.00334,0.00000,0.0200,24.78
273,77.70,73.72,1,18.019,1,0.00426,0.00000,1,0.00335,0.00000,0.0200,24.87
274,77.89,73.87,1,18.016,1,0.00425,0.00000,1,0.00335,0.00000,0.0200,24.96
275,78.06,74.00,1,18.112,1,0.00423,0.00000,1,0.00332,0.00000,0.0200,25.05
276,78.22,74.14,1,18.210,1,0.00424,0.00000,1,0.00331,0.00000,0.0200,25.14
277,78.40,74.28,1,18.347,1,0.00428,0.00000,1,0.00333,0.00000,0.0200,25.22
278,78.55,74.40,1,18.632,1,0.00430,0.00000,1,0.00338,0.00000,0.0200,25.31
279,78.69,74.50,1,18.488,1,0.00434,0.00000,1,0.00344,0.00000,0.0200,25.43
280,78.81,74.57,1,18.777,1,0.00438,0.00000,1,0.00346,0.00000,0.0200,25.59
281,78.93,74.67,1,18.913,1,0.00443,0.00000,1,0.00351,0.00000,0.0200,25.71
282,79.03,74.75,1,19.141,1,0.00448,0.00000,1,0.00358,0.00000,0.0200,25.86
283,79.13,74.81,1,19.050,1,0.00447,0.00000,1,0.00363,0.00000,0.0200,26.03
284,79.22,74.86,1,18.906,1,0.00450,0.00000,1,0.00361,0.00000,0.0200,26.22
285,79.31,74.92,1,19.220,1,0.00454,0.00000,1,0.00358,0.00000,0.0200,26.38
286,79.41,75.00,1,19.370,1,0.00456,0.00000,1,0.00368,0.00000,0.0200,26.51
287,79.50,75.05,1,19.373,1,0.00458,0.00000,1,0.00375,0.00000,0.0200,26.70
288,79.58,75.08,1,19.450,1,0.00460,0.00000,1,0.00378,0.00000,0.0200,26.90
289,79.67,75.11,1,19.566,1,0.00462,0.00000,1,0.00382,0.00000,0.0200,27.09
290,79.75,75.15,1,19.679,1,0.00466,0.00000,1,0.00384,0.00000,0.0200,27.28
291,79.83,75.19,1,19.808,1,0.00467,0.00000,1,0.00387,0.00000,0.0200,27.47
292,79.91,75.22,1,19.816,1,0.00467,0.00000,1,0.00391,0.00000,0.0200,27.66
293,79.99,75.26,1,19.785,1,0.00472,0.00000,1,0.00392,0.00000,0.0200,27.85
294,80.07,75.29,1,20.167,1,0.00474,0.00000,1,0.00393,0.00000,0.0200,28.05
295,80.15,75.34,1,20.058,1,0.00476,0.00000,1,0.00396,0.00000,0.0200,28.22
296,80.22,75.38,1,20.170,1,0.00477,0.00000,1,0.00398,0.00000,0.0200,28.42
297,80.30,75.41,1,20.258,1,0.00478,0.00000,1,0.00401,0.00000,0.0200,28.61
298,80.39,75.44,1,20.229,1,0.00483,0.00000,1,0.00401,0.00000,0.0200,28.81
299,80.47,75.47,1,20.633,1,0.00484,0.00000,1,0.00402,0.00000,0.0200,29.00
300,80.56,75.52,1,20.482,1,0.00486,0.00000,1,0.00406,0.00000,0.0200,29.18
301,80.64,75.55,1,20.621,1,0.00488,0.00000,1,0.00408,0.00000,0.0200,29.38
302,80.72,75.58,1,20.710,1,0.00488,0.00000,1,0.00411,0.00000,0.0200,29.56
303,80.82,75.61,1,20.675,1,0.00494,0.00000,1,0.00411,0.00000,0.0200,29.76
304,80.90,75.64,1,21.124,1,0.00495,0.00000,1,0.00413,0.00000,0.0200,29.95
305,80.99,75.69,1,20.917,1,0.00496,0.00000,1,0.00416,0.00000,0.0200,30.13
306,81.07,75.72,1,21.062,1,0.00498,0.00000,1,0.00417,0.00000,0.0200,30.32
307,81.16,75.75,1,21.174,1,0.00497,0.00000,1,0.00417,0.00000,0.0200,30.51
308,81.26,75.77,1,21.091,1,0.00502,0.00000,1,0.00417,0.00000,0.0200,30.72
309,81.37,75.79,1,21.502,1,0.00505,0.00000,1,0.00417,0.00000,0.0200,30.91
310,81.47,75.84,1,21.500,1,0.00507,0.00000,1,0.00420,0.00000,0.0200,31.07
311,81.56,75.89,1,21.633,1,0.00509,0.00000,1,0.00423,0.00000,0.0200,31.24
312,81.65,75.92,1,21.703,1,0.00509,0.00000,1,0.00427,0.00000,0.0200,31.42
313,81.75,75.96,1,21.690,1,0.00516,0.00000,1,0.00428,0.00000,0.0200,31.61
314,81.84,75.99,1,22.171,1,0.00516,0.00000,1,0.00431,0.00000,0.0200,31.79
315,81.92,76.03,1,21.845,1,0.00517,0.00000,1,0.00434,0.00000,0.0200,31.97
316,82.01,76.05,1,22.048,1,0.00516,0.00000,1,0.00435,0.00000,0.0200,32.16
317,82.10,76.10,1,21.963,1,0.00518,0.00000,1,0.00437,0.00000,0.0200,32.32
318,82.19,76.12,1,22.138,1,0.00519,0.00000,1,0.00439,0.00000,0.0200,32.51
319,82.28,76.14,1,22.168,1,0.00518,0.00000,1,0.00442,0.00000,0.0200,32.70
320,82.38,76.15,1,22.157,1,0.00524,0.00000,1,0.00442,0.00000,0.0200,32.90
321,82.49,76.16,1,22.666,1,0.00524,0.00000,1,0.00443,0.00000,0.0200,33.10
322,82.59,76.19,1,22.313,1,0.00524,0.00000,1,0.00446,0.00000,0.0200,33.28
323,82.69,76.20,1,22.454,1,0.00526,0.00000,1,0.00446,0.00000,0.0200,33.47
324,82.79,76.22,1,22.586,1,0.00529,0.00000,1,0.00448,0.00000,0.0200,33.65
325,82.90,76.21,1,22.799,1,0.00530,0.00000,1,0.00448,0.00000,0.0200,33.86
326,83.01,76.20,1,22.767,1,0.00528,0.00000,1,0.00451,0.00000,0.0200,34.08
327,83.14,76.19,1,22.712,1,0.00534,0.00000,1,0.00450,0.00000,0.0200,34.28
328,83.25,76.19,1,23.240,1,0.00534,0.00000,1,0.00451,0.00000,0.0200,34.48
329,83.37,76.20,1,22.952,1,0.00537,0.00000,1,0.00453,0.00000,0.0200,34.66
330,83.47,76.23,1,23.250,1,0.00537,0.00000,1,0.00456,0.00000,0.0200,34.83
331,83.57,76.23,1,23.027,1,0.00520,0.00000,1,0.00399,0.00000,0.0200,35.02
332,83.70,76.58,1,23.631,1,0.00525,0.00000,1,0.00387,0.00000,0.0200,34.94
333,83.88,76.73,1,24.190,1,0.00537,0.00000,1,0.00403,0.00000,0.0200,34.78
334,84.15,76.86,1,24.529,1,0.00543,0.00000,1,0.00417,0.00000,0.0200,34.67
335,84.38,76.91,1,24.581,1,0.00545,0.00000,1,0.00423,0.00000,0.0200,34.62
336,84.58,76.92,1,24.563,1,0.00544,0.00000,1,0.00429,0.00000,0.0200,34.60
337,84.77,76.88,1,24.518,1,0.00544,0.00000,1,0.00430,0.00000,0.0200,34.68
338,84.94,76.86,1,24.404,1,0.00544,0.00000,1,0.00431,0.00000,0.0200,34.70
339,85.07,76.83,1,24.551,1,0.00545,0.00000,1,0.00432,0.00000,0.0200,34.72
340,85.20,76.78,1,24.583,1,0.00543,0.00000,1,0.00435,0.00000,0.0200,34.78
341,85.31,76.68,1,24.489,1,0.00542,0.00000,1,0.00435,0.00000,0.0200,34.82
342,85.43,76.57,1,24.553,1,0.00540,0.00000,1,0.00434,0.00000,0.0200,34.98
343,85.56,76.47,1,24.390,1,0.00538,0.00000,1,0.00434,0.00000,0.0200,35.07
344,85.68,76.37,1,24.236,1,0.00521,0.00000,1,0.00429,0.00000,0.0200,35.16
345,85.86,76.14,1,25.953,1,0.00523,0.00000,1,0.00401,0.00000,0.0200,35.37
346,86.18,76.09,1,26.185,1,0.00526,0.00000,1,0.00381,0.00000,0.0200,35.44
347,86.45,76.07,1,26.223,1,0.00522,0.00000,1,0.00371,0.00000,0.0200,35.47
348,86.67,76.05,1,26.196,1,0.00519,0.00000,1,0.00364,0.00000,0.0200,35.50
349,86.88,76.04,1,25.936,1,0.00501,0.00000,1,0.00320,0.00000,0.0200,35.47
350,87.12,76.28,1,26.075,1,0.00499,0.00000,1,0.00315,0.00000,0.0200,35.27
351,87.36,76.37,1,25.880,1,0.00496,0.00000,1,0.00322,0.00000,0.0200,35.17
352,87.57,76.38,1,25.690,1,0.00492,0.00000,1,0.00328,0.00000,0.0200,35.13
353,87.77,76.37,1,25.442,1,0.00488,0.00000,1,0.00334,0.00000,0.0200,35.16
354,87.95,76.32,1,25.339,1,0.00485,0.00000,1,0.00337,0.00000,0.0200,35.18
355,88.12,76.22,1,25.335,1,0.00485,0.00000,1,0.00337,0.00000,0.0200,35.32
356,88.27,76.14,1,25.278,1,0.00483,0.00000,1,0.00338,0.00000,0.0200,35.38
357,88.41,76.04,1,25.305,1,0.00484,0.00000,1,0.00341,0.00000,0.0200,35.51
358,88.55,75.92,1,25.351,1,0.00487,0.00000,1,0.00341,0.00000,0.0200,35.60
359,88.71,75.76,1,25.561,1,0.00483,0.00000,1,0.00336,0.00000,0.0200,35.79
360,88.89,75.55,1,26.794,1,0.00483,0.00000,1,0.00317,0.00000,0.0200,35.98
361,89.16,75.46,1,26.686,1,0.00485,0.00000,1,0.00308,0.00000,0.0200,36.10
362,89.38,75.35,1,26.802,1,0.00486,0.00000,1,0.00295,0.00000,0.0200,36.19
363,89.61,75.31,1,26.793,1,0.00480,0.00000,1,0.00259,0.00000,0.0200,36.26
364,89.82,75.49,1,27.684,1,0.00494,0.00000,1,0.00250,0.00000,0.0200,35.82
365,90.14,75.79,1,28.394,1,0.00507,0.00000,1,0.00261,0.00000,0.0200,35.30
366,90.34,76.05,1,28.769,1,0.00517,0.00000,1,0.00271,0.00000,0.0200,34.83
367,90.43,76.24,1,28.895,1,0.00521,0.00000,1,0.00278,0.00000,0.0200,34.43
368,90.46,76.39,1,28.772,1,0.00523,0.00000,1,0.00280,0.00000,0.0200,34.07
369,90.45,76.53,1,28.580,1,0.00521,0.00000,1,0.00281,0.00000,0.0200,33.71
370,90.40,76.67,1,28.190,1,0.00516,0.00000,1,0.00281,0.00000,0.0200,33.36
371,90.33,76.81,1,27.709,1,0.00510,0.00000,1,0.00281,0.00000,0.0200,33.02
372,90.24,76.96,1,27.335,1,0.00505,0.00000,1,0.00280,0.00000,0.0200,32.66
373,90.14,77.09,1,27.072,1,0.00501,0.00000,1,0.00279,0.00000,0.0200,32.43
374,90.03,77.23,1,26.837,1,0.00498,0.00000,1,0.00277,0.00000,0.0200,32.06
375,89.91,77.36,1,26.624,1,0.00494,0.00000,1,0.00276,0.00000,0.0200,31.71
376,89.79,77.48,1,26.405,1,0.00488,0.00000,1,0.00275,0.00000,0.0200,31.36
377,89.66,77.56,1,26.106,1,0.00486,0.00000,1,0.00273,0.00000,0.0200,31.06
378,89.55,77.66,1,25.891,1,0.00479,0.00000,1,0.00273,0.00000,0.0200,30.74
379,89.41,77.72,1,25.557,1,0.00478,0.00000,1,0.00270,0.00000,0.0200,30.46
380,89.30,77.82,1,25.354,1,0.00471,0.00000,1,0.00270,0.00000,0.0200,30.13
381,89.14,77.88,1,25.024,1,0.00469,0.00000,1,0.00268,0.00000,0.0200,29.85
382,89.01,77.98,1,24.871,1,0.00463,0.00000,1,0.00268,0.00000,0.0200,29.53
383,88.85,78.04,1,24.577,1,0.00461,0.00000,1,0.00265,0.00000,0.0200,29.25
384,88.71,78.12,1,24.450,1,0.00458,0.00000,1,0.00271,0.00000,0.0200,28.94
385,88.56,78.24,1,24.533,1,0.00459,0.00000,1,0.00274,0.00000,0.0200,28.61
386,88.43,78.42,1,24.889,1,0.00462,0.00000,1,0.00276,0.00000,0.0200,28.22
387,88.30,78.63,1,26.028,1,0.00466,0.00000,1,0.00255,0.00000,0.0200,27.81
388,88.18,79.02,1,27.556,1,0.00479,0.00000,1,0.00245,0.00000,0.0200,27.24
389,88.07,79.35,1,25.016,1,0.00411,0.00000,1,0.00233,0.00000,0.0200,26.76
390,87.21,78.64,1,27.042,1,0.00356,0.00000,1,0.00213,0.00000,0.0200,27.53
391,86.48,78.16,1,30.035,1,0.00343,0.00000,1,0.00197,0.00000,0.0200,28.09
392,85.96,77.93,1,32.446,1,0.00377,0.00000,1,0.00181,0.00000,0.0200,28.36
393,86.76,79.06,1,29.794,1,0.00467,0.00000,1,0.00168,0.00000,0.0200,26.90
394,86.15,79.16,1,28.187,1,0.00434,0.00000,1,0.00169,0.00000,0.0200,26.86
395,85.57,79.09,1,26.376,1,0.00392,0.00000,1,0.00150,0.00000,0.0200,26.94
396,85.10,79.05,1,28.073,1,0.00371,0.00000,1,0.00139,0.00000,0.0200,27.06
397,84.71,78.93,1,29.369,1,0.00319,0.00000,1,0.00126,0.00000,0.0200,27.15
398,84.50,78.98,1,32.739,1,0.00361,0.00000,1,0.00120,0.00000,0.0200,27.01
399,84.96,79.99,1,29.816,1,0.00496,0.00000,1,0.00155,0.00000,0.0200,25.53
