load_kg,tick,sq,abd_nominal,abd_bias,abd_actual,abd_err,tho_nominal,tho_bias,tho_actual,tho_err,hip_nominal,hip_actual,hip_err,world_trunk,ref_trunk,trunk_err,support_length,heel_clr_l,heel_clr_r,com_ap,cop_ap,contacts,saddle_sep,saddle_attached,abd_demand,tho_demand
0,4,0.0120,0.172,-0.119,-1.676,-1.849,0.262,-0.040,-1.546,-1.808,-1.283,0.632,1.915,2.175,4.484,-2.308,0.29000,-0.00019,-0.00022,-0.02929,-0.03201,8,0.00000,0,0.0201,0.0230
0,8,0.0240,0.360,-0.244,-1.686,-2.046,0.540,-0.097,-1.584,-2.123,-2.593,0.878,3.471,2.164,5.057,-2.894,0.29000,-0.00019,-0.00022,-0.02919,-0.02430,8,0.00000,0,0.0229,0.0261
0,12,0.0360,0.554,-0.369,-1.755,-2.309,0.832,-0.148,-1.603,-2.435,-3.928,0.667,4.595,2.236,5.631,-3.395,0.29000,-0.00019,-0.00022,-0.02897,-0.01912,8,0.00000,0,0.0252,0.0281
0,16,0.0480,0.756,-0.491,-1.823,-2.578,1.134,-0.198,-1.575,-2.709,-5.286,0.119,5.405,2.412,6.204,-3.793,0.29000,-0.00020,-0.00023,-0.02881,-0.02938,8,0.00000,0,0.0261,0.0289
0,20,0.0600,0.963,-0.614,-1.857,-2.820,1.445,-0.250,-1.498,-2.943,-6.666,-0.643,6.023,2.664,6.822,-4.158,0.29000,-0.00020,-0.00023,-0.02868,-0.03079,8,0.00000,0,0.0257,0.0286
0,24,0.0720,1.176,-0.737,-1.848,-3.024,1.765,-0.299,-1.368,-3.132,-8.068,-1.559,6.509,2.979,7.448,-4.469,0.29000,-0.00021,-0.00023,-0.02852,-0.03033,8,0.00000,0,0.0254,0.0289
0,28,0.0840,1.393,-0.860,-1.806,-3.199,2.089,-0.349,-1.197,-3.286,-9.488,-2.614,6.874,3.372,8.075,-4.703,0.29000,-0.00020,-0.00023,-0.02834,-0.02570,8,0.00000,0,0.0262,0.0301
0,32,0.0960,1.611,-0.983,-1.728,-3.339,2.417,-0.400,-0.972,-3.389,-10.924,-3.837,7.087,3.880,8.701,-4.821,0.29000,-0.00021,-0.00023,-0.02821,-0.02624,8,0.00000,0,0.0252,0.0291
0,36,0.1080,1.830,-1.106,-1.586,-3.416,2.746,-0.449,-0.693,-3.439,-12.374,-5.162,7.212,4.483,9.339,-4.855,0.29000,-0.00021,-0.00024,-0.02820,-0.03107,8,0.00000,0,0.0233,0.0279
0,40,0.1200,2.049,-1.228,-1.385,-3.434,3.074,-0.499,-0.371,-3.445,-13.837,-6.559,7.278,5.149,9.982,-4.833,0.29000,-0.00020,-0.00022,-0.02825,-0.02760,8,0.00000,0,0.0210,0.0263
0,44,0.1320,2.266,-1.352,-1.143,-3.409,3.398,-0.548,0.000,-3.398,-15.312,-7.997,7.315,5.862,10.625,-4.763,0.29000,-0.00021,-0.00023,-0.02836,-0.02718,8,0.00000,0,0.0188,0.0249
0,48,0.1440,2.479,-1.475,-0.874,-3.353,3.718,-0.599,0.367,-3.351,-16.795,-9.478,7.317,6.604,11.268,-4.665,0.29000,-0.00020,-0.00022,-0.02845,-0.02633,8,0.00000,0,0.0165,0.0231
0,52,0.1560,2.687,-1.597,-0.588,-3.275,4.030,-0.649,0.763,-3.267,-18.286,-10.986,7.300,7.368,11.902,-4.534,0.29000,-0.00020,-0.00022,-0.02856,-0.02688,8,0.00000,0,0.0143,0.0215
0,56,0.1680,2.890,-1.720,-0.291,-3.180,4.334,-0.699,1.164,-3.170,-19.781,-12.519,7.263,8.145,12.526,-4.381,0.29000,-0.00020,-0.00022,-0.02866,-0.02735,8,0.00000,0,0.0121,0.0198
0,60,0.1800,3.085,-1.843,0.000,-3.085,4.627,-0.749,1.567,-3.060,-21.281,-14.071,7.210,8.927,13.150,-4.223,0.29000,-0.00020,-0.00022,-0.02875,-0.02679,8,0.00000,0,0.0097,0.0178
0,64,0.1920,3.270,-1.966,0.309,-2.961,4.905,-0.798,1.969,-2.936,-22.782,-15.637,7.145,9.712,13.774,-4.062,0.29000,-0.00020,-0.00022,-0.02883,-0.02627,8,0.00000,0,0.0076,0.0160
0,68,0.2040,3.445,-2.089,0.610,-2.835,5.167,-0.849,2.368,-2.800,-24.282,-17.215,7.068,10.499,14.380,-3.880,0.29000,-0.00020,-0.00022,-0.02891,-0.02594,8,0.00000,0,0.0056,0.0139
0,72,0.2160,3.609,-2.212,0.906,-2.704,5.413,-0.899,2.760,-2.653,-25.781,-18.798,6.983,11.282,14.948,-3.667,0.29000,-0.00019,-0.00021,-0.02899,-0.02782,8,0.00000,0,0.0043,0.0119
0,76,0.2280,3.760,-2.335,1.195,-2.566,5.640,-0.948,3.141,-2.499,-27.276,-20.390,6.885,12.057,15.517,-3.460,0.29000,-0.00019,-0.00021,-0.02904,-0.02749,8,0.00000,0,0.0042,0.0098
0,80,0.2400,3.897,-2.458,1.474,-2.423,5.845,-0.999,3.511,-2.334,-28.765,-21.986,6.780,12.827,16.086,-3.259,0.29000,-0.00019,-0.00021,-0.02906,-0.02664,8,0.00000,0,0.0057,0.0073
0,84,0.2520,4.018,-2.584,1.744,-2.275,6.026,-1.053,3.868,-2.159,-30.253,-23.583,6.671,13.589,16.655,-3.066,0.29000,-0.00019,-0.00021,-0.02908,-0.02605,8,0.00000,0,0.0077,0.0052
0,88,0.2640,4.131,-2.725,2.007,-2.124,6.195,-1.133,4.204,-1.991,-31.801,-25.142,6.660,14.330,17.224,-2.894,0.29000,-0.00019,-0.00021,-0.02910,-0.02620,8,0.00000,0,0.0102,0.0032
0,92,0.2760,4.240,-2.868,2.251,-1.989,6.359,-1.212,4.511,-1.848,-33.440,-26.664,6.777,15.045,17.792,-2.747,0.29000,-0.00018,-0.00020,-0.02912,-0.02527,8,0.00000,0,0.0120,0.0019
0,96,0.2880,4.346,-3.010,2.457,-1.889,6.518,-1.292,4.781,-1.737,-35.163,-28.194,6.969,15.741,18.361,-2.621,0.29000,-0.00018,-0.00020,-0.02913,-0.03152,8,0.00000,0,0.0131,0.0009
0,100,0.3000,4.449,-3.152,2.636,-1.813,6.672,-1.372,5.020,-1.653,-36.960,-29.753,7.207,16.416,18.930,-2.514,0.29000,-0.00018,-0.00020,-0.02909,-0.03202,8,0.00000,0,0.0143,0.0003
0,104,0.3120,4.549,-3.294,2.787,-1.762,6.821,-1.451,5.230,-1.591,-38.833,-31.351,7.483,17.081,19.561,-2.481,0.29000,-0.00017,-0.00019,-0.02901,-0.02778,8,0.00000,0,0.0159,0.0006
0,108,0.3240,4.645,-3.436,2.914,-1.730,6.966,-1.531,5.416,-1.550,-40.764,-33.008,7.756,17.743,20.192,-2.449,0.29000,-0.00017,-0.00019,-0.02889,-0.02844,8,0.00000,0,0.0170,0.0016
0,112,0.3360,4.738,-3.578,3.017,-1.721,7.106,-1.611,5.584,-1.522,-42.744,-34.730,8.013,18.409,20.824,-2.415,0.29000,-0.00016,-0.00018,-0.02875,-0.03168,8,0.00000,0,0.0186,0.0032
0,116,0.3480,4.829,-3.720,3.118,-1.710,7.241,-1.690,5.734,-1.507,-44.765,-36.511,8.254,19.085,21.455,-2.370,0.29000,-0.00016,-0.00018,-0.02857,-0.02387,8,0.00000,0,0.0197,0.0028
0,120,0.3600,4.917,-3.862,3.199,-1.718,7.373,-1.769,5.885,-1.488,-46.819,-38.398,8.421,19.803,22.102,-2.299,0.29000,-0.00015,-0.00017,-0.02842,-0.02395,8,0.00000,0,0.0202,0.0038
0,124,0.3720,5.001,-4.004,3.293,-1.708,7.500,-1.849,6.033,-1.466,-48.901,-40.356,8.545,20.560,22.752,-2.192,0.29000,-0.00015,-0.00017,-0.02837,-0.02133,8,0.00000,0,0.0228,0.0050
0,128,0.3840,5.084,-4.146,3.405,-1.679,7.623,-1.929,6.193,-1.430,-50.998,-42.373,8.625,21.338,23.403,-2.065,0.29000,-0.00015,-0.00017,-0.02838,-0.02300,8,0.00000,0,0.0245,0.0063
0,132,0.3960,5.163,-4.288,3.525,-1.639,7.742,-2.008,6.354,-1.389,-53.103,-44.442,8.660,22.131,24.053,-1.922,0.29000,-0.00015,-0.00016,-0.02845,-0.02638,8,0.00000,0,0.0262,0.0076
0,136,0.4080,5.241,-4.430,3.652,-1.589,7.858,-2.088,6.512,-1.346,-55.206,-46.556,8.650,22.932,24.692,-1.761,0.29000,-0.00015,-0.00016,-0.02854,-0.02353,8,0.00000,0,0.0287,0.0088
0,140,0.4200,5.315,-4.572,3.776,-1.539,7.970,-2.168,6.671,-1.300,-57.301,-48.705,8.596,23.735,25.326,-1.591,0.29000,-0.00014,-0.00016,-0.02865,-0.02462,8,0.00000,0,0.0302,0.0099
0,144,0.4320,5.388,-4.714,3.900,-1.488,8.079,-2.247,6.824,-1.255,-59.376,-50.875,8.500,24.537,25.960,-1.422,0.29000,-0.00014,-0.00015,-0.02879,-0.02895,8,0.00000,0,0.0318,0.0111
0,148,0.4440,5.458,-4.856,4.026,-1.432,8.184,-2.327,6.972,-1.213,-61.423,-53.072,8.351,25.335,26.593,-1.259,0.29000,-0.00014,-0.00015,-0.02892,-0.02434,8,0.00000,0,0.0342,0.0123
0,152,0.4560,5.526,-4.998,4.142,-1.384,8.287,-2.406,7.116,-1.171,-63.436,-55.269,8.167,26.121,27.199,-1.078,0.29000,-0.00014,-0.00015,-0.02905,-0.02638,8,0.00000,0,0.0358,0.0132
0,156,0.4680,5.592,-5.140,4.260,-1.332,8.386,-2.486,7.258,-1.128,-65.406,-57.473,7.934,26.901,27.778,-0.877,0.29000,-0.00014,-0.00015,-0.02917,-0.03046,8,0.00000,0,0.0371,0.0144
0,160,0.4800,5.657,-5.282,4.374,-1.283,8.482,-2.566,7.394,-1.088,-67.325,-59.668,7.657,27.667,28.356,-0.689,0.29000,-0.00014,-0.00015,-0.02931,-0.03225,8,0.00000,0,0.0389,0.0156
0,164,0.4920,5.719,-5.424,4.492,-1.227,8.575,-2.645,7.529,-1.047,-69.176,-61.844,7.332,28.416,28.934,-0.519,0.29000,-0.00014,-0.00015,-0.02945,-0.03172,8,0.00000,0,0.0410,0.0168
0,168,0.5040,5.780,-5.566,4.599,-1.181,8.666,-2.725,7.658,-1.008,-70.958,-64.004,6.954,29.145,29.482,-0.337,0.29000,-0.00014,-0.00015,-0.02959,-0.03241,8,0.00000,0,0.0423,0.0177
0,172,0.5160,5.839,-5.708,4.711,-1.128,8.755,-2.804,7.785,-0.970,-72.663,-66.123,6.541,29.848,29.966,-0.118,0.29000,-0.00014,-0.00015,-0.02973,-0.03220,8,0.00000,0,0.0443,0.0188
0,176,0.5280,5.896,-5.850,4.817,-1.080,8.841,-2.884,7.908,-0.933,-74.284,-68.202,6.081,30.525,30.451,0.074,0.29000,-0.00014,-0.00015,-0.02986,-0.03156,8,0.00000,0,0.0461,0.0199
0,180,0.5400,5.952,-5.992,4.912,-1.040,8.925,-2.964,8.023,-0.901,-75.811,-70.226,5.585,31.172,30.936,0.236,0.29000,-0.00014,-0.00015,-0.02999,-0.03382,8,0.00000,0,0.0479,0.0209
0,184,0.5520,6.005,-6.115,5.013,-0.992,9.003,-3.033,8.138,-0.865,-77.196,-72.183,5.013,31.789,31.373,0.415,0.29000,-0.00014,-0.00014,-0.03009,-0.03359,8,0.00000,0,0.0498,0.0224
0,188,0.5640,6.039,-6.145,5.060,-0.978,9.054,-3.049,8.239,-0.815,-78.251,-74.192,4.059,32.397,31.572,0.825,0.29000,-0.00013,-0.00013,-0.03018,-0.03046,8,0.00000,0,0.0483,0.0232
0,192,0.5760,6.049,-6.174,5.123,-0.925,9.069,-3.066,8.345,-0.725,-78.933,-76.182,2.751,32.991,31.772,1.220,0.29000,-0.00014,-0.00014,-0.03026,-0.03421,8,0.00000,0,0.0520,0.0256
0,196,0.5880,6.042,-6.204,5.304,-0.739,9.060,-3.083,8.497,-0.563,-79.353,-77.991,1.363,33.547,31.971,1.576,0.29000,-0.00015,-0.00015,-0.03033,-0.03573,8,0.00000,0,0.0570,0.0289
0,200,0.6000,6.026,-6.234,5.568,-0.458,9.036,-3.100,8.685,-0.351,-79.624,-79.558,0.065,34.066,32.170,1.896,0.29000,-0.00016,-0.00016,-0.03039,-0.03410,8,0.00000,0,0.0622,0.0322
0,204,0.6120,6.008,-6.264,5.869,-0.139,9.008,-3.117,8.885,-0.123,-79.867,-80.814,-0.947,34.532,32.254,2.278,0.29000,-0.00016,-0.00017,-0.03049,-0.03548,8,0.00000,0,0.0658,0.0344
0,208,0.6240,5.995,-6.293,6.174,0.179,8.989,-3.133,9.072,0.083,-80.213,-81.735,-1.522,34.921,32.338,2.583,0.29000,-0.00017,-0.00017,-0.03056,-0.03696,8,0.00000,0,0.0689,0.0357
0,212,0.6360,5.996,-6.323,6.436,0.440,8.990,-3.150,9.221,0.232,-80.774,-82.344,-1.570,35.219,32.422,2.797,0.29000,-0.00016,-0.00017,-0.03055,-0.03280,8,0.00000,0,0.0697,0.0356
0,216,0.6480,6.010,-6.353,6.565,0.556,9.011,-3.167,9.305,0.295,-81.579,-82.774,-1.195,35.439,32.506,2.933,0.29000,-0.00015,-0.00015,-0.03049,-0.03127,8,0.00000,0,0.0665,0.0338
0,220,0.6600,6.030,-6.383,6.542,0.512,9.041,-3.184,9.303,0.262,-82.520,-83.145,-0.626,35.583,32.666,2.917,0.29000,-0.00013,-0.00014,-0.03041,-0.02813,8,0.00000,0,0.0624,0.0314
0,224,0.6720,6.055,-6.413,6.388,0.333,9.079,-3.201,9.227,0.149,-83.563,-83.548,0.015,35.657,32.841,2.816,0.29000,-0.00013,-0.00013,-0.03029,-0.03026,8,0.00000,0,0.0581,0.0287
0,228,0.6840,6.083,-6.442,6.184,0.102,9.120,-3.218,9.119,-0.001,-84.679,-84.051,0.629,35.682,33.016,2.666,0.29000,-0.00012,-0.00013,-0.03011,-0.02606,8,0.00000,0,0.0557,0.0269
0,232,0.6960,6.113,-6.472,5.952,-0.161,9.165,-3.234,8.996,-0.170,-85.855,-84.656,1.200,35.695,33.192,2.504,0.29000,-0.00012,-0.00012,-0.02999,-0.02431,8,0.00000,0,0.0537,0.0251
0,236,0.7080,6.145,-6.502,5.750,-0.394,9.213,-3.251,8.884,-0.328,-87.077,-85.400,1.677,35.713,33.376,2.337,0.29000,-0.00012,-0.00012,-0.02990,-0.02182,8,0.00000,0,0.0530,0.0245
0,240,0.7200,6.177,-6.532,5.575,-0.603,9.262,-3.268,8.799,-0.462,-88.331,-86.260,2.071,35.763,33.566,2.197,0.29000,-0.00012,-0.00013,-0.02988,-0.03299,8,0.00000,0,0.0509,0.0236
0,244,0.7320,6.211,-6.561,5.462,-0.749,9.312,-3.285,8.742,-0.570,-89.603,-87.238,2.364,35.848,33.756,2.092,0.29000,-0.00013,-0.00013,-0.02994,-0.03234,8,0.00000,0,0.0519,0.0239
0,248,0.7440,6.243,-6.591,5.406,-0.838,9.360,-3.302,8.726,-0.634,-90.875,-88.330,2.545,35.973,33.945,2.028,0.29000,-0.00013,-0.00013,-0.03003,-0.02998,8,0.00000,0,0.0526,0.0244
0,252,0.7560,6.275,-6.621,5.389,-0.886,9.408,-3.318,8.735,-0.673,-92.133,-89.499,2.634,36.141,34.122,2.020,0.29000,-0.00013,-0.00013,-0.03020,-0.02786,8,0.00000,0,0.0543,0.0249
0,256,0.7680,6.305,-6.651,5.420,-0.884,9.453,-3.335,8.776,-0.677,-93.364,-90.738,2.626,36.339,34.285,2.054,0.29000,-0.00013,-0.00013,-0.03039,-0.02803,8,0.00000,0,0.0557,0.0258
0,260,0.7800,6.332,-6.680,5.483,-0.849,9.494,-3.352,8.838,-0.657,-94.553,-92.026,2.527,36.561,34.448,2.113,0.29000,-0.00013,-0.00013,-0.03060,-0.02867,8,0.00000,0,0.0572,0.0269
0,264,0.7920,6.357,-6.710,5.569,-0.787,9.530,-3.369,8.915,-0.616,-95.677,-93.344,2.333,36.796,34.611,2.185,0.29000,-0.00014,-0.00014,-0.03083,-0.02970,8,0.00000,0,0.0589,0.0279
0,268,0.8040,6.377,-6.750,5.672,-0.705,9.561,-3.384,9.003,-0.558,-96.728,-94.677,2.052,37.035,34.755,2.280,0.29000,-0.00014,-0.00014,-0.03105,-0.02975,8,0.00000,0,0.0600,0.0289
0,272,0.8160,6.393,-6.811,5.777,-0.615,9.585,-3.397,9.098,-0.487,-97.692,-96.007,1.686,37.269,34.861,2.408,0.29000,-0.00014,-0.00014,-0.03124,-0.03016,8,0.00000,0,0.0617,0.0300
0,276,0.8280,6.404,-6.871,5.895,-0.510,9.602,-3.409,9.200,-0.402,-98.589,-97.289,1.301,37.487,34.966,2.521,0.29000,-0.00015,-0.00015,-0.03139,-0.03113,8,0.00000,0,0.0637,0.0312
0,280,0.8400,6.413,-6.932,6.021,-0.392,9.615,-3.422,9.308,-0.307,-99.479,-98.490,0.990,37.686,35.072,2.614,0.29000,-0.00015,-0.00015,-0.03150,-0.03188,8,0.00000,0,0.0656,0.0325
0,284,0.8520,6.418,-6.993,6.135,-0.284,9.623,-3.435,9.409,-0.214,-100.376,-99.608,0.768,37.865,35.172,2.692,0.29000,-0.00015,-0.00015,-0.03154,-0.03115,8,0.00000,0,0.0668,0.0333
0,288,0.8640,6.422,-7.053,6.216,-0.205,9.628,-3.447,9.494,-0.134,-101.276,-100.661,0.616,38.024,35.247,2.778,0.29000,-0.00015,-0.00015,-0.03152,-0.02992,8,0.00000,0,0.0673,0.0337
0,292,0.8760,6.423,-7.114,6.260,-0.164,9.630,-3.460,9.556,-0.074,-102.178,-101.662,0.516,38.162,35.321,2.840,0.29000,-0.00015,-0.00014,-0.03147,-0.02843,8,0.00000,0,0.0673,0.0339
0,296,0.8880,6.423,-7.174,6.267,-0.156,9.630,-3.472,9.597,-0.033,-103.079,-102.627,0.452,38.273,35.396,2.878,0.29000,-0.00014,-0.00014,-0.03140,-0.02688,8,0.00000,0,0.0672,0.0339
0,300,0.9000,6.422,-7.235,6.246,-0.175,9.628,-3.485,9.619,-0.008,-103.977,-103.566,0.410,38.357,35.470,2.887,0.29000,-0.00014,-0.00014,-0.03135,-0.02542,8,0.00000,0,0.0671,0.0339
0,304,0.9120,6.419,-7.296,6.192,-0.227,9.624,-3.498,9.620,-0.004,-104.868,-104.480,0.388,38.416,35.532,2.884,0.29000,-0.00014,-0.00014,-0.03133,-0.02844,8,0.00000,0,0.0664,0.0335
0,308,0.9240,6.416,-7.356,6.130,-0.285,9.619,-3.510,9.610,-0.009,-105.751,-105.387,0.364,38.442,35.595,2.847,0.29000,-0.00014,-0.00014,-0.03129,-0.02796,8,0.00000,0,0.0662,0.0335
0,312,0.9360,6.412,-7.417,6.056,-0.356,9.613,-3.523,9.591,-0.022,-106.624,-106.289,0.334,38.446,35.657,2.788,0.29000,-0.00014,-0.00013,-0.03123,-0.02721,8,0.00000,0,0.0659,0.0333
0,316,0.9480,6.408,-7.477,5.975,-0.433,9.607,-3.535,9.567,-0.040,-107.484,-107.184,0.300,38.432,35.720,2.713,0.29000,-0.00014,-0.00013,-0.03117,-0.02713,8,0.00000,0,0.0657,0.0331
0,320,0.9600,6.404,-7.538,5.894,-0.510,9.602,-3.548,9.540,-0.062,-108.329,-108.075,0.254,38.405,35.778,2.627,0.29000,-0.00014,-0.00013,-0.03114,-0.02723,8,0.00000,0,0.0656,0.0330
0,324,0.9720,6.401,-7.599,5.814,-0.587,9.597,-3.561,9.513,-0.084,-109.154,-108.962,0.192,38.364,35.836,2.528,0.29000,-0.00014,-0.00013,-0.03112,-0.02747,8,0.00000,0,0.0655,0.0329
0,328,0.9840,6.399,-7.659,5.737,-0.662,9.594,-3.573,9.486,-0.108,-109.959,-109.843,0.116,38.312,35.893,2.419,0.29000,-0.00014,-0.00013,-0.03112,-0.02766,8,0.00000,0,0.0653,0.0327
0,332,0.9960,6.398,-7.720,5.662,-0.736,9.592,-3.586,9.459,-0.133,-110.743,-110.716,0.027,38.251,35.951,2.300,0.29000,-0.00014,-0.00013,-0.03113,-0.02803,8,0.00000,0,0.0653,0.0326
0,336,1.0000,6.397,-7.740,5.608,-0.789,9.592,-3.590,9.441,-0.151,-111.000,-111.539,-0.539,38.176,35.970,2.206,0.29000,-0.00014,-0.00014,-0.03115,-0.02961,8,0.00000,0,0.0664,0.0330
0,340,1.0000,6.397,-7.740,5.643,-0.754,9.592,-3.590,9.459,-0.133,-111.000,-112.177,-1.177,38.093,35.970,2.123,0.29000,-0.00015,-0.00015,-0.03117,-0.03065,8,0.00000,0,0.0688,0.0341
0,344,1.0000,6.397,-7.740,5.706,-0.691,9.592,-3.590,9.495,-0.096,-111.000,-112.638,-1.638,38.030,35.970,2.060,0.29000,-0.00015,-0.00015,-0.03119,-0.03235,8,0.00000,0,0.0693,0.0345
0,348,1.0000,6.397,-7.740,5.746,-0.652,9.592,-3.590,9.520,-0.072,-111.000,-112.943,-1.943,37.997,35.970,2.027,0.29000,-0.00016,-0.00015,-0.03120,-0.03752,8,0.00000,0,0.0684,0.0342
0,352,1.0000,6.397,-7.740,5.775,-0.622,9.592,-3.590,9.537,-0.055,-111.000,-113.149,-2.149,37.971,35.970,2.001,0.29000,-0.00015,-0.00015,-0.03112,-0.03233,8,0.00000,0,0.0684,0.0345
0,356,1.0000,6.397,-7.740,5.758,-0.640,9.592,-3.590,9.540,-0.052,-111.000,-113.271,-2.271,37.971,35.970,2.001,0.29000,-0.00015,-0.00014,-0.03107,-0.03166,8,0.00000,0,0.0667,0.0337
0,360,1.0000,6.397,-7.740,5.708,-0.689,9.592,-3.590,9.519,-0.072,-111.000,-113.324,-2.324,37.979,35.970,2.009,0.29000,-0.00015,-0.00014,-0.03112,-0.03361,8,0.00000,0,0.0657,0.0331
0,364,1.0000,6.397,-7.740,5.653,-0.745,9.592,-3.590,9.493,-0.098,-111.000,-113.345,-2.345,37.976,35.970,2.006,0.29000,-0.00014,-0.00014,-0.03118,-0.03305,8,0.00000,0,0.0648,0.0327
0,368,1.0000,6.397,-7.740,5.583,-0.815,9.592,-3.590,9.459,-0.132,-111.000,-113.340,-2.340,37.963,35.970,1.993,0.29000,-0.00014,-0.00014,-0.03126,-0.03363,8,0.00000,0,0.0639,0.0322
0,372,1.0000,6.397,-7.740,5.512,-0.886,9.592,-3.590,9.422,-0.169,-111.000,-113.324,-2.324,37.941,35.970,1.971,0.29000,-0.00014,-0.00014,-0.03136,-0.03441,8,0.00000,0,0.0632,0.0318
0,376,1.0000,6.397,-7.740,5.446,-0.951,9.592,-3.590,9.386,-0.205,-111.000,-113.304,-2.304,37.911,35.970,1.941,0.29000,-0.00014,-0.00014,-0.03145,-0.03440,8,0.00000,0,0.0628,0.0316
0,380,1.0000,6.397,-7.740,5.390,-1.008,9.592,-3.590,9.355,-0.237,-111.000,-113.286,-2.286,37.875,35.970,1.905,0.29000,-0.00014,-0.00014,-0.03154,-0.03426,8,0.00000,0,0.0625,0.0314
0,384,1.0000,6.397,-7.740,5.343,-1.054,9.592,-3.590,9.329,-0.263,-111.000,-113.271,-2.270,37.839,35.970,1.869,0.29000,-0.00014,-0.00014,-0.03165,-0.03443,8,0.00000,0,0.0624,0.0313
0,388,1.0000,6.397,-7.740,5.306,-1.091,9.592,-3.590,9.307,-0.285,-111.000,-113.258,-2.258,37.803,35.970,1.833,0.29000,-0.00014,-0.00014,-0.03177,-0.03516,8,0.00000,0,0.0623,0.0312
0,392,1.0000,6.397,-7.740,5.281,-1.116,9.592,-3.590,9.292,-0.300,-111.000,-113.251,-2.251,37.769,35.970,1.799,0.29000,-0.00015,-0.00014,-0.03188,-0.03531,8,0.00000,0,0.0623,0.0312
0,396,1.0000,6.397,-7.740,5.264,-1.134,9.592,-3.590,9.281,-0.310,-111.000,-113.247,-2.247,37.738,35.970,1.768,0.29000,-0.00015,-0.00014,-0.03200,-0.03545,8,0.00000,0,0.0623,0.0312
0,400,1.0000,6.397,-7.740,5.252,-1.145,9.592,-3.590,9.274,-0.318,-111.000,-113.245,-2.245,37.711,35.970,1.741,0.29000,-0.00015,-0.00014,-0.03212,-0.03560,8,0.00000,0,0.0623,0.0312
0,404,1.0000,6.397,-7.740,5.244,-1.153,9.592,-3.590,9.269,-0.323,-111.000,-113.244,-2.244,37.688,35.970,1.718,0.29000,-0.00015,-0.00014,-0.03224,-0.03609,8,0.00000,0,0.0623,0.0312
0,408,1.0000,6.397,-7.740,5.240,-1.157,9.592,-3.590,9.266,-0.326,-111.000,-113.244,-2.244,37.667,35.970,1.697,0.29000,-0.00015,-0.00014,-0.03235,-0.03620,8,0.00000,0,0.0624,0.0312
0,412,1.0000,6.397,-7.740,5.237,-1.160,9.592,-3.590,9.264,-0.328,-111.000,-113.244,-2.244,37.649,35.970,1.679,0.29000,-0.00015,-0.00014,-0.03246,-0.03626,8,0.00000,0,0.0624,0.0312
0,416,1.0000,6.397,-7.740,5.235,-1.163,9.592,-3.590,9.262,-0.329,-111.000,-113.244,-2.244,37.633,35.970,1.663,0.29000,-0.00015,-0.00014,-0.03255,-0.03631,8,0.00000,0,0.0623,0.0312
0,420,1.0000,6.397,-7.740,5.233,-1.164,9.592,-3.590,9.261,-0.330,-111.000,-113.244,-2.244,37.620,35.970,1.650,0.29000,-0.00015,-0.00014,-0.03264,-0.03636,8,0.00000,0,0.0623,0.0312
25,4,0.0120,0.172,-0.069,-8.093,-8.265,0.262,0.000,-6.565,-6.827,-1.283,3.102,4.385,-5.761,4.484,-10.244,0.29000,-0.00022,-0.00029,-0.04755,-0.06122,8,0.00724,1,0.0638,0.0585
25,8,0.0240,0.360,-0.143,-8.162,-8.523,0.540,0.040,-6.585,-7.125,-2.593,3.360,5.953,-5.825,5.057,-10.882,0.29000,-0.00022,-0.00029,-0.04773,-0.05735,8,0.00694,1,0.0657,0.0604
25,12,0.0360,0.554,-0.217,-8.233,-8.786,0.832,0.040,-6.558,-7.390,-3.928,3.150,7.078,-5.742,5.631,-11.372,0.29000,-0.00023,-0.00029,-0.04780,-0.05350,8,0.00682,1,0.0669,0.0618
25,16,0.0480,0.756,-0.288,-8.265,-9.021,1.134,0.069,-6.466,-7.600,-5.286,2.596,7.882,-5.519,6.204,-11.723,0.29000,-0.00023,-0.00029,-0.04785,-0.05251,8,0.00679,1,0.0672,0.0622
25,20,0.0600,0.963,-0.363,-8.235,-9.197,1.445,0.088,-6.299,-7.744,-6.666,1.792,8.458,-5.164,6.822,-11.986,0.29000,-0.00024,-0.00029,-0.04791,-0.05255,8,0.00678,1,0.0668,0.0621
25,24,0.0720,1.176,-0.435,-8.127,-9.303,1.765,0.105,-6.056,-7.821,-8.068,0.791,8.859,-4.687,7.448,-12.135,0.29000,-0.00024,-0.00029,-0.04801,-0.05359,8,0.00675,1,0.0657,0.0614
25,28,0.0840,1.393,-0.507,-7.939,-9.332,2.089,0.119,-5.742,-7.831,-9.488,-0.356,9.132,-4.100,8.075,-12.175,0.29000,-0.00025,-0.00029,-0.04813,-0.05366,8,0.00674,1,0.0640,0.0603
25,32,0.0960,1.611,-0.580,-7.680,-9.291,2.417,0.137,-5.366,-7.783,-10.924,-1.618,9.306,-3.420,8.701,-12.121,0.29000,-0.00025,-0.00029,-0.04826,-0.05501,8,0.00672,1,0.0620,0.0589
25,36,0.1080,1.830,-0.653,-7.358,-9.188,2.746,0.153,-4.938,-7.684,-12.374,-2.971,9.403,-2.659,9.339,-11.998,0.29000,-0.00026,-0.00029,-0.04840,-0.05516,8,0.00669,1,0.0597,0.0572
25,40,0.1200,2.049,-0.724,-6.980,-9.029,3.074,0.172,-4.465,-7.539,-13.837,-4.398,9.439,-1.829,9.982,-11.811,0.29000,-0.00026,-0.00029,-0.04853,-0.05530,8,0.00666,1,0.0571,0.0554
25,44,0.1320,2.266,-0.797,-6.555,-8.820,3.398,0.190,-3.955,-7.354,-15.312,-5.885,9.427,-0.939,10.625,-11.565,0.29000,-0.00026,-0.00029,-0.04865,-0.05558,8,0.00663,1,0.0542,0.0532
25,48,0.1440,2.479,-0.870,-6.090,-8.569,3.718,0.206,-3.416,-7.134,-16.795,-7.417,9.378,-0.003,11.268,-11.271,0.29000,-0.00027,-0.00029,-0.04875,-0.05597,8,0.00660,1,0.0512,0.0510
25,52,0.1560,2.687,-0.942,-5.595,-8.282,4.030,0.224,-2.854,-6.884,-18.286,-8.988,9.297,0.970,11.902,-10.932,0.29000,-0.00027,-0.00029,-0.04882,-0.05629,8,0.00657,1,0.0481,0.0486
25,56,0.1680,2.890,-1.015,-5.078,-7.967,4.334,0.241,-2.277,-6.611,-19.781,-10.592,9.189,1.973,12.526,-10.553,0.29000,-0.00027,-0.00029,-0.04885,-0.05598,8,0.00655,1,0.0449,0.0462
25,60,0.1800,3.085,-1.087,-4.544,-7.628,4.627,0.259,-1.690,-6.316,-21.281,-12.224,9.056,2.999,13.150,-10.151,0.29000,-0.00027,-0.00029,-0.04884,-0.05426,8,0.00652,1,0.0414,0.0435
25,64,0.1920,3.270,-1.160,-3.994,-7.265,4.905,0.277,-1.092,-5.997,-22.782,-13.875,8.907,4.047,13.774,-9.727,0.29000,-0.00027,-0.00029,-0.04881,-0.05459,8,0.00649,1,0.0379,0.0408
25,68,0.2040,3.445,-1.232,-3.435,-6.880,5.167,0.293,-0.491,-5.658,-24.282,-15.545,8.737,5.107,14.380,-9.273,0.29000,-0.00027,-0.00029,-0.04876,-0.05297,8,0.00648,1,0.0343,0.0379
25,72,0.2160,3.609,-1.304,-2.869,-6.478,5.413,0.312,0.112,-5.301,-25.781,-17.227,8.554,6.177,14.948,-8.771,0.29000,-0.00026,-0.00028,-0.04870,-0.05328,8,0.00644,1,0.0306,0.0350
25,76,0.2280,3.760,-1.377,-2.301,-6.061,5.640,0.329,0.709,-4.931,-27.276,-18.919,8.357,7.251,15.517,-8.266,0.29000,-0.00026,-0.00028,-0.04862,-0.05292,8,0.00641,1,0.0269,0.0320
25,80,0.2400,3.897,-1.449,-1.734,-5.631,5.845,0.345,1.300,-4.546,-28.765,-20.620,8.145,8.325,16.086,-7.761,0.29000,-0.00026,-0.00028,-0.04852,-0.05043,8,0.00639,1,0.0229,0.0287
25,84,0.2520,4.018,-1.548,-1.170,-5.189,6.026,0.336,1.884,-4.143,-30.253,-22.324,7.929,9.397,16.655,-7.258,0.29000,-0.00025,-0.00027,-0.04844,-0.04986,8,0.00634,1,0.0189,0.0255
25,88,0.2640,4.131,-1.775,-0.622,-4.753,6.195,0.198,2.439,-3.756,-31.801,-23.994,7.807,10.441,17.224,-6.782,0.29000,-0.00025,-0.00027,-0.04837,-0.05082,8,0.00630,1,0.0145,0.0221
25,92,0.2760,4.240,-2.002,-0.112,-4.352,6.359,0.056,2.938,-3.421,-33.440,-25.631,7.809,11.438,17.792,-6.355,0.29000,-0.00025,-0.00027,-0.04827,-0.05081,8,0.00626,1,0.0113,0.0197
25,96,0.2880,4.346,-2.229,0.329,-4.018,6.518,-0.069,3.377,-3.141,-35.163,-27.282,7.881,12.393,18.361,-5.968,0.29000,-0.00024,-0.00026,-0.04813,-0.04876,8,0.00620,1,0.0085,0.0176
25,100,0.3000,4.449,-2.457,0.715,-3.734,6.672,-0.209,3.764,-2.908,-36.960,-28.957,8.003,13.311,18.930,-5.619,0.29000,-0.00023,-0.00025,-0.04796,-0.04675,8,0.00614,1,0.0060,0.0156
25,104,0.3120,4.549,-2.684,1.048,-3.500,6.821,-0.347,4.107,-2.715,-38.833,-30.669,8.165,14.201,19.561,-5.360,0.29000,-0.00023,-0.00025,-0.04780,-0.04814,8,0.00607,1,0.0041,0.0139
25,108,0.3240,4.645,-2.911,1.342,-3.303,6.966,-0.483,4.409,-2.556,-40.764,-32.439,8.325,15.067,20.192,-5.126,0.29000,-0.00022,-0.00024,-0.04763,-0.04670,8,0.00601,1,0.0030,0.0122
25,112,0.3360,4.738,-3.138,1.597,-3.141,7.106,-0.621,4.680,-2.426,-42.744,-34.270,8.474,15.914,20.824,-4.910,0.29000,-0.00022,-0.00023,-0.04746,-0.04541,8,0.00596,1,0.0035,0.0107
25,116,0.3480,4.829,-3.365,1.821,-3.008,7.241,-0.757,4.923,-2.318,-44.765,-36.169,8.596,16.751,21.455,-4.704,0.29000,-0.00021,-0.00022,-0.04732,-0.04424,8,0.00591,1,0.0050,0.0093
25,120,0.3600,4.917,-3.593,2.016,-2.901,7.373,-0.893,5.144,-2.229,-46.819,-38.118,8.701,17.577,22.102,-4.525,0.29000,-0.00021,-0.00023,-0.04721,-0.04691,8,0.00586,1,0.0066,0.0079
25,124,0.3720,5.001,-3.820,2.204,-2.797,7.500,-1.031,5.349,-2.151,-48.901,-40.146,8.755,18.395,22.752,-4.358,0.29000,-0.00020,-0.00021,-0.04711,-0.04232,8,0.00581,1,0.0088,0.0064
25,128,0.3840,5.084,-4.047,2.367,-2.717,7.623,-1.168,5.540,-2.083,-50.998,-42.207,8.792,19.211,23.403,-4.191,0.29000,-0.00020,-0.00021,-0.04707,-0.04019,8,0.00577,1,0.0110,0.0051
25,132,0.3960,5.163,-4.274,2.524,-2.639,7.742,-1.304,5.721,-2.022,-53.103,-44.324,8.779,20.023,24.053,-4.030,0.29000,-0.00019,-0.00020,-0.04705,-0.04054,8,0.00573,1,0.0130,0.0037
25,136,0.4080,5.241,-4.501,2.666,-2.574,7.858,-1.441,5.891,-1.967,-55.206,-46.473,8.733,20.828,24.692,-3.865,0.29000,-0.00019,-0.00020,-0.04706,-0.04325,8,0.00568,1,0.0149,0.0024
25,140,0.4200,5.315,-4.729,2.813,-2.502,7.970,-1.578,6.054,-1.916,-57.301,-48.670,8.631,21.628,25.326,-3.698,0.29000,-0.00018,-0.00020,-0.04707,-0.04046,8,0.00565,1,0.0171,0.0009
25,144,0.4320,5.388,-4.956,2.943,-2.445,8.079,-1.715,6.211,-1.868,-59.376,-50.878,8.497,22.425,25.960,-3.535,0.29000,-0.00019,-0.00020,-0.04711,-0.04743,8,0.00561,1,0.0187,0.0007
25,148,0.4440,5.458,-5.183,3.071,-2.387,8.184,-1.852,6.363,-1.821,-61.423,-53.112,8.311,23.211,26.593,-3.383,0.29000,-0.00018,-0.00019,-0.04717,-0.04465,8,0.00556,1,0.0209,0.0019
25,152,0.4560,5.526,-5.410,3.207,-2.319,8.287,-1.988,6.510,-1.776,-63.436,-55.360,8.076,23.987,27.199,-3.212,0.29000,-0.00018,-0.00019,-0.04722,-0.04119,8,0.00553,1,0.0233,0.0034
25,156,0.4680,5.592,-5.637,3.325,-2.267,8.386,-2.125,6.653,-1.733,-65.406,-57.599,7.807,24.752,27.778,-3.025,0.29000,-0.00018,-0.00019,-0.04729,-0.04954,8,0.00550,1,0.0248,0.0047
25,160,0.4800,5.657,-5.865,3.451,-2.206,8.482,-2.262,6.794,-1.688,-67.325,-59.841,7.484,25.504,28.356,-2.852,0.29000,-0.00018,-0.00018,-0.04735,-0.04941,8,0.00546,1,0.0270,0.0061
25,164,0.4920,5.719,-6.092,3.576,-2.144,8.575,-2.399,6.932,-1.644,-69.176,-62.059,7.117,26.239,28.934,-2.696,0.29000,-0.00017,-0.00018,-0.04744,-0.04908,8,0.00542,1,0.0293,0.0076
25,168,0.5040,5.780,-6.319,3.694,-2.086,8.666,-2.536,7.066,-1.601,-70.958,-64.264,6.695,26.954,29.482,-2.527,0.29000,-0.00017,-0.00018,-0.04752,-0.04889,8,0.00538,1,0.0311,0.0089
25,172,0.5160,5.839,-6.546,3.810,-2.029,8.755,-2.672,7.196,-1.559,-72.663,-66.422,6.241,27.642,29.966,-2.325,0.29000,-0.00017,-0.00018,-0.04762,-0.05032,8,0.00535,1,0.0331,0.0103
25,176,0.5280,5.896,-6.773,3.923,-1.974,8.841,-2.809,7.320,-1.521,-74.284,-68.543,5.741,28.300,30.451,-2.151,0.29000,-0.00017,-0.00017,-0.04770,-0.05006,8,0.00532,1,0.0352,0.0116
25,180,0.5400,5.952,-7.001,4.028,-1.924,8.925,-2.946,7.439,-1.485,-75.811,-70.613,5.198,28.928,30.936,-2.008,0.29000,-0.00016,-0.00017,-0.04776,-0.04998,8,0.00529,1,0.0373,0.0129
25,184,0.5520,6.005,-7.198,4.132,-1.873,9.003,-3.065,7.555,-1.449,-77.196,-72.611,4.585,29.525,31.373,-1.848,0.29000,-0.00016,-0.00016,-0.04783,-0.05002,8,0.00525,1,0.0394,0.0145
25,188,0.5640,6.039,-7.245,4.187,-1.852,9.054,-3.093,7.662,-1.392,-78.251,-74.654,3.598,30.113,31.572,-1.459,0.29000,-0.00014,-0.00015,-0.04789,-0.04851,8,0.00517,1,0.0386,0.0155
25,192,0.5760,6.049,-7.292,4.257,-1.792,9.069,-3.122,7.779,-1.291,-78.933,-76.662,2.271,30.687,31.772,-1.085,0.29000,-0.00015,-0.00016,-0.04796,-0.05379,8,0.00513,1,0.0415,0.0175
25,196,0.5880,6.042,-7.339,4.466,-1.576,9.060,-3.151,7.943,-1.117,-79.353,-78.508,0.846,31.223,31.971,-0.748,0.29000,-0.00016,-0.00016,-0.04799,-0.05115,8,0.00518,1,0.0463,0.0205
25,200,0.6000,6.026,-7.386,4.759,-1.267,9.036,-3.180,8.140,-0.895,-79.624,-80.107,-0.483,31.724,32.170,-0.446,0.29000,-0.00017,-0.00017,-0.04806,-0.05128,8,0.00526,1,0.0510,0.0234
25,204,0.6120,6.008,-7.433,5.119,-0.889,9.008,-3.209,8.359,-0.649,-79.867,-81.415,-1.548,32.171,32.254,-0.083,0.29000,-0.00017,-0.00018,-0.04813,-0.04937,8,0.00535,1,0.0549,0.0257
25,208,0.6240,5.995,-7.480,5.489,-0.506,8.989,-3.238,8.572,-0.417,-80.213,-82.387,-2.174,32.552,32.338,0.214,0.29000,-0.00018,-0.00018,-0.04820,-0.05117,8,0.00541,1,0.0581,0.0272
25,212,0.6360,5.996,-7.527,5.822,-0.174,8.990,-3.266,8.753,-0.236,-80.774,-83.045,-2.271,32.859,32.422,0.437,0.29000,-0.00018,-0.00018,-0.04820,-0.05021,8,0.00544,1,0.0592,0.0277
25,216,0.6480,6.010,-7.574,6.040,0.031,9.011,-3.295,8.885,-0.126,-81.579,-83.529,-1.950,33.111,32.506,0.605,0.29000,-0.00015,-0.00015,-0.04816,-0.04785,8,0.00536,1,0.0578,0.0271
25,220,0.6600,6.030,-7.621,6.076,0.046,9.041,-3.324,8.932,-0.109,-82.520,-83.921,-1.402,33.309,32.666,0.643,0.29000,-0.00014,-0.00014,-0.04812,-0.04972,8,0.00519,1,0.0545,0.0255
25,224,0.6720,6.055,-7.668,5.986,-0.069,9.079,-3.353,8.916,-0.163,-83.563,-84.349,-0.787,33.456,32.841,0.615,0.29000,-0.00012,-0.00013,-0.04802,-0.04634,8,0.00499,1,0.0517,0.0240
25,228,0.6840,6.083,-7.715,5.808,-0.275,9.120,-3.381,8.851,-0.269,-84.679,-84.846,-0.167,33.565,33.016,0.548,0.29000,-0.00011,-0.00011,-0.04792,-0.03970,8,0.00481,1,0.0503,0.0226
25,232,0.6960,6.113,-7.762,5.586,-0.527,9.165,-3.410,8.759,-0.406,-85.855,-85.439,0.416,33.643,33.192,0.451,0.29000,-0.00010,-0.00011,-0.04783,-0.04206,8,0.00468,1,0.0480,0.0213
25,236,0.7080,6.145,-7.809,5.368,-0.777,9.213,-3.439,8.662,-0.551,-87.077,-86.163,0.914,33.706,33.376,0.330,0.29000,-0.00010,-0.00010,-0.04773,-0.04054,8,0.00461,1,0.0469,0.0204
25,240,0.7200,6.177,-7.856,5.181,-0.996,9.262,-3.468,8.578,-0.684,-88.331,-87.014,1.317,33.776,33.566,0.210,0.29000,-0.00010,-0.00010,-0.04766,-0.03938,8,0.00458,1,0.0464,0.0200
25,244,0.7320,6.211,-7.903,5.027,-1.184,9.312,-3.497,8.511,-0.800,-89.603,-87.972,1.630,33.861,33.756,0.105,0.29000,-0.00010,-0.00011,-0.04765,-0.04385,8,0.00458,1,0.0461,0.0197
25,248,0.7440,6.243,-7.950,4.937,-1.306,9.360,-3.526,8.474,-0.886,-90.875,-89.050,1.824,33.962,33.945,0.016,0.29000,-0.00011,-0.00011,-0.04766,-0.04211,8,0.00461,1,0.0468,0.0200
25,252,0.7560,6.275,-7.998,4.893,-1.382,9.408,-3.554,8.467,-0.940,-92.133,-90.221,1.912,34.090,34.122,-0.031,0.29000,-0.00011,-0.00011,-0.04772,-0.04562,8,0.00463,1,0.0473,0.0203
25,256,0.7680,6.305,-8.045,4.891,-1.413,9.453,-3.583,8.482,-0.971,-93.364,-91.453,1.911,34.236,34.285,-0.048,0.29000,-0.00012,-0.00012,-0.04781,-0.04606,8,0.00467,1,0.0485,0.0209
25,260,0.7800,6.332,-8.092,4.934,-1.398,9.494,-3.612,8.522,-0.972,-94.553,-92.747,1.807,34.398,34.448,-0.050,0.29000,-0.00012,-0.00012,-0.04789,-0.04613,8,0.00470,1,0.0498,0.0218
25,264,0.7920,6.357,-8.139,5.009,-1.348,9.530,-3.641,8.583,-0.947,-95.677,-94.076,1.601,34.574,34.611,-0.037,0.29000,-0.00013,-0.00012,-0.04797,-0.04563,8,0.00473,1,0.0514,0.0227
25,268,0.8040,6.377,-8.170,5.106,-1.271,9.561,-3.660,8.661,-0.900,-96.728,-95.422,1.306,34.760,34.755,0.005,0.29000,-0.00013,-0.00013,-0.04805,-0.04591,8,0.00475,1,0.0523,0.0236
25,272,0.8160,6.393,-8.170,5.226,-1.167,9.585,-3.660,8.752,-0.832,-97.692,-96.767,0.925,34.950,34.861,0.089,0.29000,-0.00013,-0.00013,-0.04814,-0.04565,8,0.00477,1,0.0538,0.0246
25,276,0.8280,6.404,-8.170,5.382,-1.022,9.602,-3.660,8.861,-0.741,-98.589,-98.066,0.523,35.136,34.966,0.170,0.29000,-0.00014,-0.00014,-0.04824,-0.04579,8,0.00479,1,0.0557,0.0257
25,280,0.8400,6.413,-8.170,5.568,-0.844,9.615,-3.660,8.985,-0.630,-99.479,-99.288,0.191,35.315,35.072,0.243,0.29000,-0.00015,-0.00014,-0.04834,-0.04607,8,0.00481,1,0.0577,0.0270
25,284,0.8520,6.418,-8.170,5.762,-0.656,9.623,-3.660,9.112,-0.511,-100.376,-100.431,-0.055,35.486,35.172,0.314,0.29000,-0.00015,-0.00014,-0.04845,-0.04606,8,0.00483,1,0.0590,0.0280
25,288,0.8640,6.422,-8.170,5.937,-0.485,9.628,-3.660,9.231,-0.397,-101.276,-101.507,-0.231,35.647,35.247,0.400,0.29000,-0.00015,-0.00014,-0.04855,-0.04581,8,0.00483,1,0.0598,0.0287
25,292,0.8760,6.423,-8.170,6.080,-0.344,9.630,-3.660,9.333,-0.297,-102.178,-102.529,-0.351,35.794,35.321,0.473,0.29000,-0.00015,-0.00014,-0.04866,-0.04599,8,0.00480,1,0.0602,0.0291
25,296,0.8880,6.423,-8.170,6.185,-0.238,9.630,-3.660,9.414,-0.216,-103.079,-103.508,-0.429,35.921,35.396,0.526,0.29000,-0.00015,-0.00014,-0.04875,-0.04619,8,0.00476,1,0.0603,0.0292
25,300,0.9000,6.422,-8.170,6.255,-0.167,9.628,-3.660,9.472,-0.156,-103.977,-104.455,-0.479,36.026,35.470,0.556,0.29000,-0.00015,-0.00014,-0.04881,-0.04625,8,0.00472,1,0.0602,0.0293
25,304,0.9120,6.419,-8.170,6.295,-0.124,9.624,-3.660,9.510,-0.114,-104.868,-105.381,-0.513,36.108,35.532,0.575,0.29000,-0.00015,-0.00014,-0.04883,-0.04626,8,0.00468,1,0.0600,0.0293
25,308,0.9240,6.416,-8.170,6.312,-0.104,9.619,-3.660,9.532,-0.087,-105.751,-106.292,-0.541,36.167,35.595,0.572,0.29000,-0.00015,-0.00014,-0.04882,-0.04625,8,0.00464,1,0.0597,0.0292
25,312,0.9360,6.412,-8.170,6.312,-0.099,9.613,-3.660,9.540,-0.073,-106.624,-107.194,-0.571,36.206,35.657,0.548,0.29000,-0.00015,-0.00014,-0.04878,-0.04630,8,0.00462,1,0.0595,0.0290
25,316,0.9480,6.408,-8.170,6.306,-0.102,9.607,-3.660,9.541,-0.066,-107.484,-108.091,-0.607,36.226,35.720,0.506,0.29000,-0.00015,-0.00014,-0.04871,-0.04570,8,0.00460,1,0.0595,0.0290
25,320,0.9600,6.404,-8.170,6.298,-0.107,9.602,-3.660,9.538,-0.064,-108.329,-108.985,-0.657,36.231,35.778,0.453,0.29000,-0.00015,-0.00014,-0.04861,-0.04514,8,0.00459,1,0.0595,0.0289
25,324,0.9720,6.401,-8.170,6.290,-0.111,9.597,-3.660,9.533,-0.064,-109.154,-109.877,-0.723,36.225,35.836,0.389,0.29000,-0.00015,-0.00014,-0.04851,-0.04476,8,0.00458,1,0.0596,0.0289
25,328,0.9840,6.399,-8.170,6.285,-0.113,9.594,-3.660,9.528,-0.065,-109.959,-110.764,-0.804,36.207,35.893,0.314,0.29000,-0.00015,-0.00015,-0.04842,-0.04446,8,0.00459,1,0.0596,0.0288
25,332,0.9960,6.398,-8.170,6.283,-0.115,9.592,-3.660,9.524,-0.068,-110.743,-111.643,-0.900,36.178,35.951,0.227,0.29000,-0.00016,-0.00015,-0.04834,-0.04492,8,0.00459,1,0.0596,0.0288
25,336,1.0000,6.397,-8.170,6.294,-0.103,9.592,-3.660,9.522,-0.069,-111.000,-112.469,-1.469,36.135,35.970,0.165,0.29000,-0.00017,-0.00016,-0.04827,-0.04998,8,0.00463,1,0.0602,0.0289
25,340,1.0000,6.397,-8.170,6.389,-0.008,9.592,-3.660,9.551,-0.041,-111.000,-113.119,-2.119,36.073,35.970,0.103,0.29000,-0.00018,-0.00017,-0.04817,-0.05142,8,0.00473,1,0.0622,0.0299
25,344,1.0000,6.397,-8.170,6.508,0.110,9.592,-3.660,9.594,0.003,-111.000,-113.598,-2.598,36.020,35.970,0.050,0.29000,-0.00019,-0.00018,-0.04802,-0.05189,8,0.00483,1,0.0631,0.0303
25,348,1.0000,6.397,-8.170,6.604,0.206,9.592,-3.660,9.632,0.041,-111.000,-113.931,-2.931,35.989,35.970,0.019,0.29000,-0.00019,-0.00018,-0.04781,-0.05175,8,0.00489,1,0.0631,0.0304
25,352,1.0000,6.397,-8.170,6.674,0.277,9.592,-3.660,9.661,0.070,-111.000,-114.157,-3.157,35.979,35.970,0.009,0.29000,-0.00018,-0.00017,-0.04757,-0.04456,8,0.00489,1,0.0637,0.0307
25,356,1.0000,6.397,-8.170,6.706,0.309,9.592,-3.660,9.689,0.097,-111.000,-114.304,-3.304,36.003,35.970,0.033,0.29000,-0.00017,-0.00016,-0.04738,-0.04070,8,0.00485,1,0.0633,0.0305
25,360,1.0000,6.397,-8.170,6.677,0.279,9.592,-3.660,9.686,0.094,-111.000,-114.361,-3.361,36.050,35.970,0.080,0.29000,-0.00018,-0.00017,-0.04735,-0.04506,8,0.00480,1,0.0621,0.0299
25,364,1.0000,6.397,-8.170,6.634,0.236,9.592,-3.660,9.669,0.077,-111.000,-114.378,-3.378,36.082,35.970,0.112,0.29000,-0.00018,-0.00016,-0.04731,-0.04478,8,0.00474,1,0.0613,0.0296
25,368,1.0000,6.397,-8.170,6.568,0.171,9.592,-3.660,9.641,0.050,-111.000,-114.368,-3.368,36.106,35.970,0.136,0.29000,-0.00017,-0.00016,-0.04725,-0.04396,8,0.00469,1,0.0604,0.0292
25,372,1.0000,6.397,-8.170,6.491,0.093,9.592,-3.660,9.607,0.016,-111.000,-114.343,-3.342,36.122,35.970,0.152,0.29000,-0.00017,-0.00016,-0.04719,-0.04334,8,0.00464,1,0.0598,0.0288
25,376,1.0000,6.397,-8.170,6.413,0.016,9.592,-3.660,9.571,-0.020,-111.000,-114.313,-3.313,36.130,35.970,0.160,0.29000,-0.00017,-0.00016,-0.04714,-0.04295,8,0.00460,1,0.0593,0.0285
25,380,1.0000,6.397,-8.170,6.345,-0.053,9.592,-3.660,9.538,-0.053,-111.000,-114.285,-3.285,36.130,35.970,0.160,0.29000,-0.00017,-0.00016,-0.04711,-0.04275,8,0.00458,1,0.0590,0.0283
25,384,1.0000,6.397,-8.170,6.289,-0.109,9.592,-3.660,9.511,-0.081,-111.000,-114.264,-3.264,36.124,35.970,0.154,0.29000,-0.00017,-0.00016,-0.04711,-0.04270,8,0.00456,1,0.0589,0.0282
25,388,1.0000,6.397,-8.170,6.247,-0.150,9.592,-3.660,9.489,-0.102,-111.000,-114.249,-3.249,36.112,35.970,0.142,0.29000,-0.00017,-0.00016,-0.04714,-0.04278,8,0.00456,1,0.0589,0.0282
25,392,1.0000,6.397,-8.170,6.219,-0.179,9.592,-3.660,9.474,-0.118,-111.000,-114.242,-3.242,36.095,35.970,0.125,0.29000,-0.00017,-0.00016,-0.04719,-0.04292,8,0.00456,1,0.0589,0.0282
25,396,1.0000,6.397,-8.170,6.202,-0.195,9.592,-3.660,9.464,-0.128,-111.000,-114.240,-3.240,36.075,35.970,0.105,0.29000,-0.00017,-0.00016,-0.04728,-0.04311,8,0.00457,1,0.0590,0.0282
25,400,1.0000,6.397,-8.170,6.189,-0.208,9.592,-3.660,9.455,-0.137,-111.000,-114.239,-3.239,36.054,35.970,0.084,0.29000,-0.00018,-0.00016,-0.04739,-0.04435,8,0.00458,1,0.0589,0.0282
25,404,1.0000,6.397,-8.170,6.184,-0.214,9.592,-3.660,9.448,-0.143,-111.000,-114.240,-3.240,36.028,35.970,0.058,0.29000,-0.00018,-0.00016,-0.04750,-0.04452,8,0.00459,1,0.0589,0.0282
25,408,1.0000,6.397,-8.170,6.179,-0.218,9.592,-3.660,9.443,-0.148,-111.000,-114.242,-3.242,36.001,35.970,0.031,0.29000,-0.00018,-0.00017,-0.04760,-0.04458,8,0.00460,1,0.0589,0.0281
25,412,1.0000,6.397,-8.170,6.176,-0.222,9.592,-3.660,9.439,-0.153,-111.000,-114.244,-3.244,35.975,35.970,0.005,0.29000,-0.00018,-0.00017,-0.04771,-0.04464,8,0.00461,1,0.0589,0.0281
25,416,1.0000,6.397,-8.170,6.172,-0.225,9.592,-3.660,9.434,-0.157,-111.000,-114.245,-3.245,35.950,35.970,-0.020,0.29000,-0.00018,-0.00017,-0.04783,-0.04471,8,0.00461,1,0.0588,0.0281
25,420,1.0000,6.397,-8.170,6.168,-0.230,9.592,-3.660,9.430,-0.161,-111.000,-114.245,-3.245,35.927,35.970,-0.043,0.29000,-0.00018,-0.00017,-0.04795,-0.04497,8,0.00462,1,0.0588,0.0281
